ticker,review_bucket,review_rationale,active_governed_membership_count,governed_membership_count,themes,categories,current_ranking_eligibility_reason,primary_ineligibility_bucket,coverage_status,symbol_status,manual_suppressed,manual_suppression_reason,snapshot_present,has_current_usable_snapshot,snapshot_time,snapshot_source,price,avg_volume,dollar_volume,price_valid,avg_volume_valid,dollar_volume_valid,perf_1d,perf_1w,perf_1m,perf_3m,last_failure_category,consecutive_failure_count,rolling_failure_count,last_failure_at,last_success_at,special_format_ticker,governance_cleanup_flag,near_price_threshold_flag,borderline_dollar_volume_flag,threshold_review_flag
APPN,borderline dollar-volume miss,"within 20% of current $15M dollar-volume floor; dollar volume 14,317,611; price 21.06",1,1,Software - Low Code,Technology - Software,"dollar volume invalid: 14,317,611 < 15,000,000",dollar volume invalid,current but ineligible,active,False,,True,True,2026-04-21 14:27:50.061165,live,21.06,679848.5882053333,14317611.26760432,True,True,False,-3.13,1.74,-16.82,-25.66,,0,1,2026-04-15 17:15:48.729061,2026-04-21 14:22:57.772007,False,False,False,True,False
BJRI,borderline dollar-volume miss,"within 20% of current $15M dollar-volume floor; dollar volume 12,997,201; price 37.92",1,1,Restaurants - Casual Dining,Consumer - Restaurants,"dollar volume invalid: 12,997,201 < 15,000,000",dollar volume invalid,current but ineligible,active,False,,True,True,2026-04-21 14:27:50.061165,live,37.92,342753.19493157143,12997201.151805189,True,True,False,-3.31,-1.25,8.16,-14.38,,0,1,2026-04-15 17:15:49.533863,2026-04-21 14:23:15.367582,False,False,False,True,False
BLMN,borderline dollar-volume miss,"within 20% of current $15M dollar-volume floor; dollar volume 14,353,251; price 6.49",1,1,Restaurants - Fast Casual,Consumer - Restaurants,"dollar volume invalid: 14,353,251 < 15,000,000",dollar volume invalid,current but ineligible,active,False,,True,True,2026-04-21 14:27:50.061165,live,6.49,2211594.920496238,14353251.034020584,True,True,False,-2.7,1.25,11.51,-13.0,,0,1,2026-04-15 17:15:49.616197,2026-04-21 14:23:17.110847,False,False,False,True,False
BMBL,borderline dollar-volume miss,"within 20% of current $15M dollar-volume floor; dollar volume 13,821,648; price 4.47",1,1,Internet - Social,Technology - Internet,"dollar volume invalid: 13,821,648 < 15,000,000",dollar volume invalid,current but ineligible,active,False,,True,True,2026-04-21 14:27:50.061165,live,4.47,3092091.309437,13821648.15318339,True,True,False,0.9,18.57,25.21,26.99,,0,1,2026-04-15 17:15:49.647552,2026-04-21 14:23:17.715374,False,False,False,True,False
CABO,borderline dollar-volume miss,"within 20% of current $15M dollar-volume floor; dollar volume 12,770,490; price 117",1,1,Telecom - Cable,Telecom,"dollar volume invalid: 12,770,490 < 15,000,000",dollar volume invalid,current but ineligible,active,False,,True,True,2026-04-21 14:27:50.061165,live,116.96,109186.81350290476,12770489.70729974,True,True,False,0.78,25.61,23.85,39.94,,0,1,2026-04-15 17:15:49.963762,2026-04-21 14:23:24.927628,False,False,False,True,False
CARS,borderline dollar-volume miss,"within 20% of current $15M dollar-volume floor; dollar volume 13,242,092; price 10.97",2,2,"Internet - Classifieds, Internet - Marketplace",Technology - Internet,"dollar volume invalid: 13,242,092 < 15,000,000",dollar volume invalid,current but ineligible,active,False,,True,True,2026-04-21 14:27:50.061165,live,10.97,1207118.7319800477,13242092.489821125,True,True,False,-0.63,8.51,38.86,-6.24,,0,1,2026-04-15 17:15:50.047389,2026-04-21 14:23:26.552555,False,False,False,True,False
CCS,borderline dollar-volume miss,"within 20% of current $15M dollar-volume floor; dollar volume 14,142,616; price 63.81",1,1,Homebuilders - Mid,Real Estate - Non REIT,"dollar volume invalid: 14,142,616 < 15,000,000",dollar volume invalid,current but ineligible,active,False,,True,True,2026-04-21 14:27:50.061165,live,63.81,221636.3643309048,14142616.407955036,True,True,False,0.77,5.77,14.64,-3.7,,0,1,2026-04-15 17:15:50.213998,2026-04-21 14:23:29.391524,False,False,False,True,False
CLOV,borderline dollar-volume miss,"within 20% of current $15M dollar-volume floor; dollar volume 12,849,850; price 2.39",2,3,"Diagnostics & Labs, High Short Interest, Meme Stocks","Healthcare - Devices & Services, Specialty Themes","dollar volume invalid: 12,849,850 < 15,000,000",dollar volume invalid,current but ineligible,active,False,,True,True,2026-04-21 14:27:50.061165,live,2.39,5376506.4793008575,12849850.48552905,True,True,False,7.17,17.16,26.46,-7.72,,0,1,2026-04-15 17:15:50.565672,2026-04-21 14:23:36.939726,False,False,False,True,False
DRUG,borderline dollar-volume miss,"within 20% of current $15M dollar-volume floor; dollar volume 14,815,134; price 87.42",1,1,Psychedelics,Specialty Themes,"dollar volume invalid: 14,815,134 < 15,000,000",dollar volume invalid,current but ineligible,active,False,,True,True,2026-04-21 14:27:50.061165,live,87.42,169470.76414133335,14815134.20123536,True,True,False,-3.71,-1.93,22.06,5.33,,0,1,2026-04-15 17:15:51.934940,2026-04-21 14:24:05.857040,False,False,False,True,False
EVTL,borderline dollar-volume miss,"within 20% of current $15M dollar-volume floor; dollar volume 13,531,159; price 2.66",1,1,eVTOL,Emerging Tech,"dollar volume invalid: 13,531,159 < 15,000,000",dollar volume invalid,current but ineligible,active,False,,True,True,2026-04-21 14:27:50.061165,live,2.66,5086901.763033286,13531158.68966854,True,True,False,-6.99,1.14,-25.91,-53.66,,0,0,,2026-04-21 14:24:18.562250,False,False,False,True,False
FUSE,borderline dollar-volume miss,"within 20% of current $15M dollar-volume floor; dollar volume 13,798,151; price 1.97",1,1,AI - Agentic,Artificial Intelligence,"dollar volume invalid: 13,798,151 < 15,000,000",dollar volume invalid,current but ineligible,active,False,,True,True,2026-04-21 14:27:50.061165,live,1.97,7004137.3532,13798150.585804,True,True,False,11.93,9.44,38.73,20.12,,0,1,2026-04-15 17:15:53.223958,2026-04-21 14:24:32.261661,False,False,False,True,False
GLNCY,borderline dollar-volume miss,"within 20% of current $15M dollar-volume floor; dollar volume 12,123,817; price 14.65",1,1,Diversified Mining,Metals & Mining,"dollar volume invalid: 12,123,817 < 15,000,000",dollar volume invalid,current but ineligible,active,False,,True,True,2026-04-21 14:27:50.061165,live,14.65,827564.2857142857,12123816.785714284,True,True,False,-1.68,-4.25,6.7,12.95,,0,1,2026-04-15 17:15:53.470298,2026-04-21 14:24:37.352019,True,False,False,True,False
HLX,borderline dollar-volume miss,"within 20% of current $15M dollar-volume floor; dollar volume 13,940,918; price 9.38",1,1,Oil - Offshore Services,Energy - Oil & Gas,"dollar volume invalid: 13,940,918 < 15,000,000",dollar volume invalid,current but ineligible,active,False,,True,True,2026-04-21 14:27:50.061165,live,9.38,1486238.594322619,13940918.014746169,True,True,False,2.74,-0.21,-2.19,33.05,,0,1,2026-04-15 17:15:54.052438,2026-04-21 14:24:49.496534,False,False,False,True,False
IIPR,borderline dollar-volume miss,"within 20% of current $15M dollar-volume floor; dollar volume 14,651,550; price 52.85",2,2,"Cannabis, REITs - Industrial","Specialty Themes, Financials - REITs","dollar volume invalid: 14,651,550 < 15,000,000",dollar volume invalid,current but ineligible,active,False,,True,True,2026-04-21 14:27:50.061165,live,52.85,277228.9433237143,14651549.6546583,True,True,False,-0.62,3.26,2.4,6.02,,0,1,2026-04-15 17:15:54.424538,2026-04-21 14:24:57.093045,False,False,False,True,False
ISSC,borderline dollar-volume miss,"within 20% of current $15M dollar-volume floor; dollar volume 13,693,281; price 20.57",2,2,"Aerospace - Suppliers, Defense - Electronics","Space & Aerospace, Defense","dollar volume invalid: 13,693,281 < 15,000,000",dollar volume invalid,current but ineligible,active,False,,True,True,2026-04-21 14:27:50.061165,live,20.57,665691.855305,13693281.46362385,True,True,False,-2.74,-15.97,-28.23,-3.92,,0,1,2026-04-15 17:15:54.781144,2026-04-21 14:25:05.603433,False,False,False,True,False
JKS,borderline dollar-volume miss,"within 20% of current $15M dollar-volume floor; dollar volume 14,219,617; price 20.47",1,1,Solar - Manufacturers,Energy - Clean,"dollar volume invalid: 14,219,617 < 15,000,000",dollar volume invalid,current but ineligible,active,False,,True,True,2026-04-21 14:27:50.061165,live,20.47,694656.4273593334,14219617.068045553,True,True,False,-4.7,-15.17,-12.52,-20.75,,0,1,2026-04-15 17:15:54.965675,2026-04-21 14:25:09.596656,False,False,False,True,False
LTC,borderline dollar-volume miss,"within 20% of current $15M dollar-volume floor; dollar volume 14,244,404; price 38.7",1,1,REITs - Healthcare,Financials - REITs,"dollar volume invalid: 14,244,404 < 15,000,000",dollar volume invalid,current but ineligible,active,False,,True,True,2026-04-21 14:27:50.061165,live,38.7,368072.4672633333,14244404.483091,True,True,False,-0.95,-1.7,5.91,3.23,,0,1,2026-04-15 17:15:55.827985,2026-04-21 14:25:27.629905,False,False,False,True,False
MQ,borderline dollar-volume miss,"within 20% of current $15M dollar-volume floor; dollar volume 12,993,695; price 4.43",1,1,Fintech - Payments,Financials - Other,"dollar volume invalid: 12,993,695 < 15,000,000",dollar volume invalid,current but ineligible,active,False,,True,True,2026-04-21 14:27:50.061165,live,4.43,2933114.049659333,12993695.239990843,True,True,False,-0.67,9.11,8.58,2.78,,0,1,2026-04-15 17:15:56.577291,2026-04-21 14:25:42.707651,False,False,False,True,False
PKX,borderline dollar-volume miss,"within 20% of current $15M dollar-volume floor; dollar volume 12,814,567; price 69.12",1,1,Steel,Metals & Mining,"dollar volume invalid: 12,814,567 < 15,000,000",dollar volume invalid,current but ineligible,active,False,,True,True,2026-04-21 14:27:50.061165,live,69.12,185395.9372830476,12814567.185004251,True,True,False,3.1,10.57,24.14,15.07,,0,1,2026-04-15 17:15:58.149652,2026-04-21 14:26:16.263112,False,False,False,True,False
RPD,borderline dollar-volume miss,"within 20% of current $15M dollar-volume floor; dollar volume 13,468,634; price 6.34",1,1,Cybersecurity,Technology - Software,"dollar volume invalid: 13,468,634 < 15,000,000",dollar volume invalid,current but ineligible,active,False,,True,True,2026-04-21 14:27:50.061165,live,6.34,2124390.240421952,13468634.124275176,True,True,False,8.75,18.5,0.48,-49.32,,0,1,2026-04-15 17:15:59.166898,2026-04-21 14:26:36.984105,False,False,False,True,False
STC,borderline dollar-volume miss,"within 20% of current $15M dollar-volume floor; dollar volume 13,552,474; price 67.25",1,1,Insurance - Title,Financials - Insurance,"dollar volume invalid: 13,552,474 < 15,000,000",dollar volume invalid,current but ineligible,active,False,,True,True,2026-04-21 14:27:50.061165,live,67.25,201523.78190261903,13552474.332951132,True,True,False,0.61,3.7,17.18,3.43,,0,1,2026-04-15 17:16:00.223403,2026-04-21 14:26:59.674970,False,False,False,True,False
WPP,borderline dollar-volume miss,"within 20% of current $15M dollar-volume floor; dollar volume 13,151,311; price 18.04",1,1,Advertising - Traditional,Media & Entertainment,"dollar volume invalid: 13,151,311 < 15,000,000",dollar volume invalid,current but ineligible,active,False,,True,True,2026-04-21 14:27:50.061165,live,18.04,729008.3429238095,13151310.506345524,True,True,False,-0.17,3.8,19.39,-12.55,,0,1,2026-04-15 17:16:02.329442,2026-04-21 14:27:42.797256,False,False,False,True,False
ACB,clearly illiquid,"materially below current liquidity floor; dollar volume 2,414,970; price 3.56",1,1,Cannabis,Specialty Themes,"dollar volume invalid: 2,414,970 < 15,000,000",dollar volume invalid,current but ineligible,active,False,,True,True,2026-04-21 14:27:50.061165,live,3.56,678362.3715417619,2414970.0426886724,True,True,False,-4.3,0.85,9.2,-14.01,,0,1,2026-04-15 17:15:47.834081,2026-04-21 14:22:40.122974,False,False,False,False,False
AFCG,clearly illiquid,"materially below current liquidity floor; dollar volume 524,155; price 2.8",1,1,Cannabis,Specialty Themes,"dollar volume invalid: 524,155 < 15,000,000",dollar volume invalid,current but ineligible,active,False,,True,True,2026-04-21 14:27:50.061165,live,2.8,187198.04816480956,524154.5348614667,True,True,False,-1.06,10.67,12.0,15.23,,0,1,2026-04-15 17:15:48.104874,2026-04-21 14:22:44.715303,False,False,False,False,False
AISP,clearly illiquid,"materially below current liquidity floor; dollar volume 1,197,775; price 2.55",1,1,AI - Software,Artificial Intelligence,"dollar volume invalid: 1,197,775 < 15,000,000",dollar volume invalid,current but ineligible,active,False,,True,True,2026-04-21 14:27:50.061165,live,2.55,469715.49698066665,1197774.5173006998,True,True,False,2.41,10.39,11.84,-35.69,,0,1,2026-04-15 17:15:48.215906,2026-04-21 14:22:47.005019,False,False,False,False,False
AIV,clearly illiquid,"materially below current liquidity floor; dollar volume 7,009,638; price 4.17",1,1,REITs - Residential,Financials - REITs,"dollar volume invalid: 7,009,638 < 15,000,000",dollar volume invalid,current but ineligible,active,False,,True,True,2026-04-21 14:27:50.061165,live,4.17,1680968.306440476,7009637.837856785,True,True,False,-1.88,1.71,2.96,-29.2,,0,1,2026-04-15 17:15:48.225399,2026-04-21 14:22:47.214296,False,False,False,False,False
AKAN,clearly illiquid,"materially below current liquidity floor; dollar volume 340,018; price 3.25",1,1,Cannabis,Specialty Themes,"dollar volume invalid: 340,018 < 15,000,000",dollar volume invalid,current but ineligible,active,False,,True,True,2026-04-21 14:27:50.061165,live,3.25,104621.0038489524,340018.2625090953,True,True,False,-4.97,3.83,-6.69,-59.88,,0,1,2026-04-15 17:15:48.265190,2026-04-21 14:22:47.838387,False,False,False,False,False
ALT,clearly illiquid,"materially below current liquidity floor; dollar volume 8,827,530; price 3.41",1,1,GLP-1 & Obesity,Healthcare - Pharma,"dollar volume invalid: 8,827,530 < 15,000,000",dollar volume invalid,current but ineligible,active,False,,True,True,2026-04-21 14:27:50.061165,live,3.41,2588718.621682857,8827530.499938544,True,True,False,-4.21,3.65,2.1,-19.39,,0,1,2026-04-15 17:15:48.395750,2026-04-21 14:22:51.014111,False,False,False,False,False
ALTO,clearly illiquid,"materially below current liquidity floor; dollar volume 6,569,055; price 4.93",2,2,"Biofuels & Ethanol, Renewable Fuels","Energy - Clean, Energy","dollar volume invalid: 6,569,055 < 15,000,000",dollar volume invalid,current but ineligible,active,False,,True,True,2026-04-21 14:27:50.061165,live,4.93,1332465.5991119046,6569055.403621689,True,True,False,0.82,1.23,18.51,77.34,,0,1,2026-04-15 17:15:48.405767,2026-04-21 14:22:51.228141,False,False,False,False,False
ALVO,clearly illiquid,"materially below current liquidity floor; dollar volume 1,569,926; price 3.51",1,1,Vision Care,Healthcare - Specialty,"dollar volume invalid: 1,569,926 < 15,000,000",dollar volume invalid,current but ineligible,active,False,,True,True,2026-04-21 14:27:50.061165,live,3.51,447272.2926416191,1569925.7471720828,True,True,False,-3.04,-0.57,-0.57,-29.23,,0,1,2026-04-15 17:15:48.426050,2026-04-21 14:22:51.652611,False,False,False,False,False
AMTX,clearly illiquid,"materially below current liquidity floor; dollar volume 4,860,062; price 2.62",1,1,Renewable Fuels,Energy,"dollar volume invalid: 4,860,062 < 15,000,000",dollar volume invalid,current but ineligible,active,False,,True,True,2026-04-21 14:27:50.061165,live,2.62,1854985.3402113807,4860061.591353818,True,True,False,-0.76,14.91,0.77,71.24,,0,1,2026-04-15 17:15:48.564572,2026-04-21 14:22:54.367262,False,False,False,False,False
AMWL,clearly illiquid,"materially below current liquidity floor; dollar volume 350,103; price 6.31",2,2,"Healthcare IT, Telehealth","Healthcare - Devices & Services, Healthcare - Specialty","dollar volume invalid: 350,103 < 15,000,000",dollar volume invalid,current but ineligible,active,False,,True,True,2026-04-21 14:27:50.061165,live,6.31,55483.83440380952,350102.9950880381,True,True,False,-4.54,14.52,10.12,37.17,,0,1,2026-04-15 17:15:48.574713,2026-04-21 14:22:54.593293,False,False,False,False,False
ANGPY,clearly illiquid,"materially below current liquidity floor; dollar volume 3,240,450; price 14.79",1,1,Platinum & Palladium,Metals & Mining,"dollar volume invalid: 3,240,450 < 15,000,000",dollar volume invalid,current but ineligible,active,False,,True,True,2026-04-21 14:27:50.061165,live,14.79,219097.38095238092,3240450.264285714,True,True,False,-4.46,-7.45,17.47,-6.1,,0,1,2026-04-15 17:15:48.639027,2026-04-21 14:22:55.875227,True,False,False,False,False
ANVS,clearly illiquid,"materially below current liquidity floor; dollar volume 2,230,408; price 1.86",1,1,Biotech - CNS,Healthcare - Biotech,"dollar volume invalid: 2,230,408 < 15,000,000",dollar volume invalid,current but ineligible,active,False,,True,True,2026-04-21 14:27:50.061165,live,1.86,1199144.2419950475,2230408.290110789,True,True,False,-3.12,7.51,-28.46,-33.33,,0,1,2026-04-15 17:15:48.648966,2026-04-21 14:22:56.088054,False,False,False,False,False
APT,clearly illiquid,"materially below current liquidity floor; dollar volume 159,860; price 4.59",1,1,EV - Components,Autos & EV,"dollar volume invalid: 159,860 < 15,000,000",dollar volume invalid,current but ineligible,active,False,,True,True,2026-04-21 14:27:50.061165,live,4.59,34827.89057009524,159860.01771673714,True,True,False,2.68,-2.34,2.0,-2.55,,0,1,2026-04-15 17:15:48.738352,2026-04-21 14:22:57.977333,False,False,False,False,False
ARCT,clearly illiquid,"materially below current liquidity floor; dollar volume 4,203,200; price 8.82",1,1,Biotech - mRNA,Healthcare - Biotech,"dollar volume invalid: 4,203,200 < 15,000,000",dollar volume invalid,current but ineligible,active,False,,True,True,2026-04-21 14:27:50.061165,live,8.82,476553.3218013809,4203200.29828818,True,True,False,-0.9,1.61,33.03,24.23,,0,1,2026-04-15 17:15:48.777579,2026-04-21 14:22:58.783995,False,False,False,False,False
ARLP,clearly illiquid,"materially below current liquidity floor; dollar volume 9,128,785; price 24.79",1,1,Coal,Metals & Mining,"dollar volume invalid: 9,128,785 < 15,000,000",dollar volume invalid,current but ineligible,active,False,,True,True,2026-04-21 14:27:50.061165,live,24.79,368244.6596845238,9128785.113579346,True,True,False,0.81,-3.35,-11.31,0.98,,0,1,2026-04-15 17:15:48.806908,2026-04-21 14:22:59.868145,False,False,False,False,False
ARQQ,clearly illiquid,"materially below current liquidity floor; dollar volume 5,047,798; price 14.85",1,1,Quantum Computing,Emerging Tech,"dollar volume invalid: 5,047,798 < 15,000,000",dollar volume invalid,current but ineligible,active,False,,True,True,2026-04-21 14:27:50.061165,live,14.85,339919.0539676667,5047797.95141985,True,True,False,-8.05,6.3,9.19,-40.95,,0,1,2026-04-15 17:15:48.836549,2026-04-21 14:23:00.492047,False,False,False,False,False
ARVN,clearly illiquid,"materially below current liquidity floor; dollar volume 8,732,262; price 10.62",1,1,Biotech - Oncology,Healthcare - Biotech,"dollar volume invalid: 8,732,262 < 15,000,000",dollar volume invalid,current but ineligible,active,False,,True,True,2026-04-21 14:27:50.061165,live,10.62,822246.8652927143,8732261.709408626,True,True,False,-1.76,-3.45,-2.93,-11.72,,0,1,2026-04-15 17:15:48.855934,2026-04-21 14:23:00.901198,False,False,False,False,False
ASTE,clearly illiquid,"materially below current liquidity floor; dollar volume 9,739,003; price 57.4",1,1,Construction Equipment,Industrials - Machinery,"dollar volume invalid: 9,739,003 < 15,000,000",dollar volume invalid,current but ineligible,active,False,,True,True,2026-04-21 14:27:50.061165,live,57.4,169669.0355137619,9739002.638489932,True,True,False,-2.15,-6.86,15.17,20.23,,0,1,2026-04-15 17:15:48.917343,2026-04-21 14:23:02.167694,False,False,False,False,False
BARK,clearly illiquid,"materially below current liquidity floor; dollar volume 940,664; price 9.8",2,2,"Pet Industry, Retail - Pet","Specialty Themes, Consumer - Retail","dollar volume invalid: 940,664 < 15,000,000",dollar volume invalid,current but ineligible,active,False,,True,True,2026-04-21 14:27:50.061165,live,9.8,95986.08489504762,940663.6319714668,True,True,False,-3.92,5.15,-25.34,-46.52,,0,1,2026-04-15 17:15:49.232246,2026-04-21 14:23:08.689556,False,False,False,False,False
BATRA,clearly illiquid,"materially below current liquidity floor; dollar volume 3,844,285; price 53.63",1,1,Media - Sports,Media & Entertainment,"dollar volume invalid: 3,844,285 < 15,000,000",dollar volume invalid,current but ineligible,active,False,,True,True,2026-04-21 14:27:50.061165,live,53.63,71681.62360442856,3844285.473905504,True,True,False,-0.92,7.73,16.51,26.28,,0,1,2026-04-15 17:15:49.256314,2026-04-21 14:23:09.105200,False,False,False,False,False
BBBY,clearly illiquid,"materially below current liquidity floor; dollar volume 7,770,532; price 4.78",0,1,High Short Interest,Specialty Themes,"dollar volume invalid: 7,770,532 < 15,000,000",dollar volume invalid,not governed,active,False,,True,True,2026-04-09 18:55:47.338804,live,4.78,1625634.3535714285,7770532.210071429,True,True,False,,2.58,-2.65,-19.93,,0,0,,2026-04-09 18:51:00.989125,True,False,False,False,False
BETZ,clearly illiquid,"materially below current liquidity floor; dollar volume 174,313; price 19.24",1,1,Sports Betting,Consumer - Leisure,"dollar volume invalid: 174,313 < 15,000,000",dollar volume invalid,current but ineligible,active,False,,True,True,2026-04-21 14:27:50.061165,live,19.2412,9059.336410714286,174312.5037458357,True,True,False,-1.02,2.86,8.31,0.37,,0,1,2026-04-15 17:15:49.412348,2026-04-21 14:23:13.096336,False,False,False,False,False
BOLT,clearly illiquid,"materially below current liquidity floor; dollar volume 95,300; price 4.99",1,1,Biotech - Oncology,Healthcare - Biotech,"dollar volume invalid: 95,300 < 15,000,000",dollar volume invalid,current but ineligible,active,False,,True,True,2026-04-21 14:27:50.061165,live,4.99,19098.295085285718,95300.49247557572,True,True,False,-3.11,5.27,4.83,-20.03,,0,1,2026-04-15 17:15:49.696583,2026-04-21 14:23:18.792639,False,False,False,False,False
BV,clearly illiquid,"materially below current liquidity floor; dollar volume 5,509,612; price 12.33",1,1,Testing & Inspection,Industrials - Services,"dollar volume invalid: 5,509,612 < 15,000,000",dollar volume invalid,current but ineligible,active,False,,True,True,2026-04-21 14:27:50.061165,live,12.33,446846.0742304286,5509612.0952611845,True,True,False,-2.07,2.24,8.16,-5.66,,0,1,2026-04-15 17:15:49.865975,2026-04-21 14:23:22.816584,False,False,False,False,False
BWX,clearly illiquid,"materially below current liquidity floor; dollar volume 8,677,891; price 22.24",1,1,Defense - Naval,Defense,"dollar volume invalid: 8,677,891 < 15,000,000",dollar volume invalid,current but ineligible,active,False,,True,True,2026-04-21 14:27:50.061165,live,22.24,390192.9204317619,8677890.550402384,True,True,False,-0.94,-0.63,1.46,-0.4,,0,1,2026-04-15 17:15:49.884725,2026-04-21 14:23:23.261598,False,False,False,False,False
BYDDF,clearly illiquid,"materially below current liquidity floor; dollar volume 2,515,283; price 13.81",1,1,China EV,International,"dollar volume invalid: 2,515,283 < 15,000,000",dollar volume invalid,current but ineligible,active,False,,True,True,2026-04-21 14:27:50.061165,live,13.8112,182119.04761904763,2515282.5904761907,True,True,False,-2.39,-2.19,6.69,11.2,,0,1,2026-04-15 17:15:49.944901,2026-04-21 14:23:24.519098,True,False,False,False,False
CGC,clearly illiquid,"materially below current liquidity floor; dollar volume 9,707,309; price 1.14",1,1,Cannabis,Specialty Themes,"dollar volume invalid: 9,707,309 < 15,000,000",dollar volume invalid,current but ineligible,active,False,,True,True,2026-04-21 14:27:50.061165,live,1.14,8515183.363138476,9707309.033977862,True,True,False,-5.0,4.59,20.66,-0.87,,0,1,2026-04-15 17:15:50.368321,2026-04-21 14:23:32.994684,False,False,False,False,False
CHPT,clearly illiquid,"materially below current liquidity floor; dollar volume 3,543,758; price 6.71",1,1,EV - Charging,Autos & EV,"dollar volume invalid: 3,543,758 < 15,000,000",dollar volume invalid,current but ineligible,active,False,,True,True,2026-04-21 14:27:50.061165,live,6.71,528130.8618841429,3543758.0832425985,True,True,False,1.05,7.19,28.3,0.6,,0,1,2026-04-15 17:15:50.417547,2026-04-21 14:23:34.023788,False,False,False,False,False
CLIR,clearly illiquid,"materially below current liquidity floor; dollar volume 341,159; price 5.4",1,1,Carbon & Environment,Energy - Clean,"dollar volume invalid: 341,159 < 15,000,000",dollar volume invalid,current but ineligible,active,False,,True,True,2026-04-21 14:27:50.061165,live,5.4,63177.60248357143,341159.05341128574,True,True,False,-0.09,0.37,56.07,-28.02,,0,1,2026-04-15 17:15:50.533694,2026-04-21 14:23:36.324675,False,False,False,False,False
CLNE,clearly illiquid,"materially below current liquidity floor; dollar volume 3,478,748; price 2.39",1,1,Clean Energy - Hydrogen,Energy - Clean,"dollar volume invalid: 3,478,748 < 15,000,000",dollar volume invalid,current but ineligible,active,False,,True,True,2026-04-21 14:27:50.061165,live,2.39,1455543.1808144762,3478748.202146598,True,True,False,3.02,4.82,12.74,11.68,,0,1,2026-04-15 17:15:50.553615,2026-04-21 14:23:36.738779,False,False,False,False,False
CQP,clearly illiquid,"materially below current liquidity floor; dollar volume 8,601,378; price 62.39",1,1,Natural Gas - LNG,Energy - Oil & Gas,"dollar volume invalid: 8,601,378 < 15,000,000",dollar volume invalid,current but ineligible,active,False,,True,True,2026-04-21 14:27:50.061165,live,62.39,137864.68302528572,8601377.573947577,True,True,False,-0.54,0.53,-6.92,11.19,,0,1,2026-04-15 17:15:50.974952,2026-04-21 14:23:45.729568,False,False,False,False,False
CRON,clearly illiquid,"materially below current liquidity floor; dollar volume 2,625,024; price 2.73",1,1,Cannabis,Specialty Themes,"dollar volume invalid: 2,625,024 < 15,000,000",dollar volume invalid,current but ineligible,active,False,,True,True,2026-04-21 14:27:50.061165,live,2.73,961547.290124762,2625024.1020406,True,True,False,-1.09,6.23,14.23,7.06,,0,1,2026-04-15 17:15:51.032521,2026-04-21 14:23:47.029069,False,False,False,False,False
CRTO,clearly illiquid,"materially below current liquidity floor; dollar volume 4,960,426; price 19.35",1,1,Internet - Search & Ads,Technology - Internet,"dollar volume invalid: 4,960,426 < 15,000,000",dollar volume invalid,current but ineligible,active,False,,True,True,2026-04-21 14:27:50.061165,live,19.35,256352.78127038095,4960426.317581872,True,True,False,-1.78,4.37,13.82,-2.52,,0,1,2026-04-15 17:15:51.064133,2026-04-21 14:23:47.642140,False,False,False,False,False
CSV,clearly illiquid,"materially below current liquidity floor; dollar volume 4,807,072; price 48.37",1,1,Funeral & Death Care,Specialty Themes,"dollar volume invalid: 4,807,072 < 15,000,000",dollar volume invalid,current but ineligible,active,False,,True,True,2026-04-21 14:27:50.061165,live,48.37,99381.27170604764,4807072.112421524,True,True,False,-0.68,1.6,16.13,13.2,,0,1,2026-04-15 17:15:51.122441,2026-04-21 14:23:48.871641,False,False,False,False,False
CTRM,clearly illiquid,"materially below current liquidity floor; dollar volume 79,046; price 1.75",1,1,Shipping - Dry Bulk,Industrials - Transport,"dollar volume invalid: 79,046 < 15,000,000",dollar volume invalid,current but ineligible,active,False,,True,True,2026-04-21 14:27:50.061165,live,1.75,45168.93863847619,79045.64261733333,True,True,False,-3.31,-1.69,-10.26,-11.62,,0,1,2026-04-15 17:15:51.173928,2026-04-21 14:23:49.678268,False,False,False,False,False
CURLF,clearly illiquid,"materially below current liquidity floor; dollar volume 3,798,977; price 3.03",1,1,Cannabis,Specialty Themes,"dollar volume invalid: 3,798,977 < 15,000,000",dollar volume invalid,current but ineligible,active,False,,True,True,2026-04-21 14:27:50.061165,live,3.03,1253787.857142857,3798977.207142856,True,True,False,-0.66,25.26,40.28,22.18,,0,1,2026-04-15 17:15:51.214745,2026-04-21 14:23:50.559730,True,False,False,False,False
CUT,clearly illiquid,"materially below current liquidity floor; dollar volume 59,364; price 28.76",2,2,"REITs - Timber, Timber & Forest","Financials - REITs, Commodities & Agriculture","dollar volume invalid: 59,364 < 15,000,000",dollar volume invalid,current but ineligible,active,False,,True,True,2026-04-21 14:27:50.061165,live,28.7631,2063.8829234285718,59363.67091486834,True,True,False,-1.79,-1.3,5.79,-3.15,,0,1,2026-04-15 17:15:51.224543,2026-04-21 14:23:50.793778,False,False,False,False,False
CVAC,clearly illiquid,"materially below current liquidity floor; dollar volume 5,762,206; price 4.66",1,1,Biotech - mRNA,Healthcare - Biotech,"dollar volume invalid: 5,762,206 < 15,000,000",dollar volume invalid,current but ineligible,active,False,,True,True,2026-04-21 14:27:50.061165,live,4.66,1236524.9047619049,5762206.056190477,True,True,False,-0.21,8.37,-9.69,-14.5,,0,1,2026-04-15 17:15:51.244607,2026-04-21 14:23:51.275127,False,False,False,False,False
CYBN,clearly illiquid,"materially below current liquidity floor; dollar volume 7,542,114; price 8.28",1,1,Psychedelics,Specialty Themes,"dollar volume invalid: 7,542,114 < 15,000,000",dollar volume invalid,current but ineligible,active,False,,True,True,2026-04-21 14:27:50.061165,live,8.28,910883.380952381,7542114.394285713,True,True,False,1.22,1.47,50.27,33.33,,0,1,2026-04-15 17:15:51.383541,2026-04-21 14:23:54.708854,False,False,False,False,False
CYH,clearly illiquid,"materially below current liquidity floor; dollar volume 3,666,435; price 3.1",1,1,Hospitals,Healthcare - Devices & Services,"dollar volume invalid: 3,666,435 < 15,000,000",dollar volume invalid,current but ineligible,active,False,,True,True,2026-04-21 14:27:50.061165,live,3.1,1182720.9010271905,3666434.79318429,True,True,False,-1.59,0.98,7.27,-0.96,,0,1,2026-04-15 17:15:51.418777,2026-04-21 14:23:55.139395,False,False,False,False,False
DAC,clearly illiquid,"materially below current liquidity floor; dollar volume 8,026,744; price 115",1,1,Shipping - Container,Industrials - Transport,"dollar volume invalid: 8,026,744 < 15,000,000",dollar volume invalid,current but ineligible,active,False,,True,True,2026-04-21 14:27:50.061165,live,115.02,69785.63783966667,8026744.06431846,True,True,False,-2.27,-2.86,2.97,15.81,,0,1,2026-04-15 17:15:51.459527,2026-04-21 14:23:56.063723,False,False,False,False,False
DDD,clearly illiquid,"materially below current liquidity floor; dollar volume 5,783,053; price 2.35",1,1,3D Printing,Emerging Tech,"dollar volume invalid: 5,783,053 < 15,000,000",dollar volume invalid,current but ineligible,active,False,,True,True,2026-04-21 14:27:50.061165,live,2.35,2460873.5534706665,5783052.850656066,True,True,False,1.29,18.69,21.76,-8.56,,0,1,2026-04-15 17:15:51.560685,2026-04-21 14:23:58.123885,False,False,False,False,False
DENN,clearly illiquid,"materially below current liquidity floor; dollar volume 9,851,608; price 6.25",1,1,Restaurants - Casual Dining,Consumer - Restaurants,"dollar volume invalid: 9,851,608 < 15,000,000",dollar volume invalid,current but ineligible,active,False,,True,True,2026-04-21 14:27:50.061165,live,6.25,1576257.2857142857,9851608.035714284,True,True,False,-0.16,0.16,0.64,27.55,,0,1,2026-04-15 17:15:51.619883,2026-04-21 14:23:59.422263,False,False,False,False,False
DFH,clearly illiquid,"materially below current liquidity floor; dollar volume 9,977,845; price 15.52",1,1,Homebuilders - Mid,Real Estate - Non REIT,"dollar volume invalid: 9,977,845 < 15,000,000",dollar volume invalid,current but ineligible,active,False,,True,True,2026-04-21 14:27:50.061165,live,15.52,642902.3934118571,9977845.145752022,True,True,False,-1.27,12.14,12.3,-19.29,,0,1,2026-04-15 17:15:51.639257,2026-04-21 14:23:59.837282,False,False,False,False,False
DRD,clearly illiquid,"materially below current liquidity floor; dollar volume 7,847,873; price 29.39",1,1,Gold - Mid Tier,Metals & Mining,"dollar volume invalid: 7,847,873 < 15,000,000",dollar volume invalid,current but ineligible,active,False,,True,True,2026-04-21 14:27:50.061165,live,29.39,267025.2866757619,7847873.175400643,True,True,False,-4.89,-8.73,12.43,-21.96,,0,1,2026-04-15 17:15:51.893845,2026-04-21 14:24:04.506954,False,False,False,False,False
DSP,clearly illiquid,"materially below current liquidity floor; dollar volume 2,102,952; price 10.68",1,1,Internet - Search & Ads,Technology - Internet,"dollar volume invalid: 2,102,952 < 15,000,000",dollar volume invalid,current but ineligible,active,False,,True,True,2026-04-21 14:27:50.061165,live,10.68,196905.6597259048,2102952.4458726626,True,True,False,-4.9,5.01,-6.15,-9.64,,0,1,2026-04-15 17:15:51.944607,2026-04-21 14:24:06.102162,False,False,False,False,False
DSX,clearly illiquid,"materially below current liquidity floor; dollar volume 1,284,471; price 2.48",1,1,Shipping - Dry Bulk,Industrials - Transport,"dollar volume invalid: 1,284,471 < 15,000,000",dollar volume invalid,current but ineligible,active,False,,True,True,2026-04-21 14:27:50.061165,live,2.48,517932.00971561903,1284471.3840947351,True,True,False,-4.25,-1.2,7.36,25.25,,0,1,2026-04-15 17:15:51.954248,2026-04-21 14:24:06.306933,False,False,False,False,False
DTST,clearly illiquid,"materially below current liquidity floor; dollar volume 176,756; price 3.95",1,1,Telecom - Infrastructure,Telecom,"dollar volume invalid: 176,756 < 15,000,000",dollar volume invalid,current but ineligible,active,False,,True,True,2026-04-21 14:27:50.061165,live,3.95,44748.45463557143,176756.39581050715,True,True,False,-0.13,-2.23,6.47,-8.99,,0,1,2026-04-15 17:15:51.983873,2026-04-21 14:24:06.920759,False,False,False,False,False
EDIT,clearly illiquid,"materially below current liquidity floor; dollar volume 5,322,181; price 3.3",1,1,Biotech - Gene Therapy,Healthcare - Biotech,"dollar volume invalid: 5,322,181 < 15,000,000",dollar volume invalid,current but ineligible,active,False,,True,True,2026-04-21 14:27:50.061165,live,3.3,1612782.0133705714,5322180.644122886,True,True,False,-7.56,-2.65,41.03,63.37,,0,1,2026-04-15 17:15:52.153652,2026-04-21 14:24:09.700452,False,False,False,False,False
EGLE,clearly illiquid,"materially below current liquidity floor; dollar volume 3,403; price 29.11",1,1,Shipping - Dry Bulk,Industrials - Transport,"dollar volume invalid: 3,403 < 15,000,000",dollar volume invalid,current but ineligible,active,False,,True,True,2026-04-21 14:27:50.061165,live,29.115,116.86821347619046,3402.618035359285,True,True,False,-0.2,1.93,6.25,0.97,,0,1,2026-04-15 17:15:52.199774,2026-04-21 14:24:10.346208,False,False,False,False,False
EH,clearly illiquid,"materially below current liquidity floor; dollar volume 5,737,151; price 10.78",1,1,eVTOL,Emerging Tech,"dollar volume invalid: 5,737,151 < 15,000,000",dollar volume invalid,current but ineligible,active,False,,True,True,2026-04-21 14:27:50.061165,live,10.78,532203.242512619,5737150.954286032,True,True,False,-3.92,-4.52,8.34,-18.95,,0,0,,2026-04-21 14:24:10.962792,False,False,False,False,False
EMQQ,clearly illiquid,"materially below current liquidity floor; dollar volume 1,689,574; price 34.78",1,1,Emerging Markets,International,"dollar volume invalid: 1,689,574 < 15,000,000",dollar volume invalid,current but ineligible,active,False,,True,True,2026-04-21 14:27:50.061165,live,34.78,48578.882417047615,1689573.530464916,True,True,False,-2.3,0.99,7.41,-11.23,,0,1,2026-04-15 17:15:52.302900,2026-04-21 14:24:12.609349,False,False,False,False,False
EVEX,clearly illiquid,"materially below current liquidity floor; dollar volume 4,055,224; price 2.94",1,1,eVTOL,Emerging Tech,"dollar volume invalid: 4,055,224 < 15,000,000",dollar volume invalid,current but ineligible,active,False,,True,True,2026-04-21 14:27:50.061165,live,2.94,1379327.834371,4055223.83305074,True,True,False,-0.34,8.89,22.5,-34.38,,0,0,,2026-04-21 14:24:17.966765,False,False,False,False,False
EVGO,clearly illiquid,"materially below current liquidity floor; dollar volume 9,618,746; price 2.12",1,1,EV - Charging,Autos & EV,"dollar volume invalid: 9,618,746 < 15,000,000",dollar volume invalid,current but ineligible,active,False,,True,True,2026-04-21 14:27:50.061165,live,2.12,4537144.551574238,9618746.449337384,True,True,False,-3.2,3.41,9.28,-30.72,,0,1,2026-04-15 17:15:52.564212,2026-04-21 14:24:18.167131,False,False,False,False,False
EXPI,clearly illiquid,"materially below current liquidity floor; dollar volume 5,924,151; price 6.49",1,1,Real Estate Tech,Real Estate - Non REIT,"dollar volume invalid: 5,924,151 < 15,000,000",dollar volume invalid,current but ineligible,active,False,,True,True,2026-04-21 14:27:50.061165,live,6.49,912812.2399913332,5924151.437543754,True,True,False,-3.28,5.53,9.81,-29.23,,0,1,2026-04-15 17:15:52.656307,2026-04-21 14:24:20.184449,False,False,False,False,False
FANUY,clearly illiquid,"materially below current liquidity floor; dollar volume 7,726,219; price 19.94",2,2,"AI - Robotics, Automation & Controls","Artificial Intelligence, Industrials - Machinery","dollar volume invalid: 7,726,219 < 15,000,000",dollar volume invalid,current but ineligible,active,False,,True,True,2026-04-21 14:27:50.061165,live,19.94,387473.38095238095,7726219.216190477,True,True,False,-3.48,-0.08,12.46,-1.97,,0,1,2026-04-15 17:15:52.729629,2026-04-21 14:24:21.708146,True,False,False,False,False
FATE,clearly illiquid,"materially below current liquidity floor; dollar volume 1,797,677; price 1.35",1,1,Biotech - Cell Therapy,Healthcare - Biotech,"dollar volume invalid: 1,797,677 < 15,000,000",dollar volume invalid,current but ineligible,active,False,,True,True,2026-04-21 14:27:50.061165,live,1.35,1331612.504061381,1797676.8804828646,True,True,False,-2.88,0.75,22.73,22.73,,0,1,2026-04-15 17:15:52.740406,2026-04-21 14:24:21.913299,False,False,False,False,False
FFIC,clearly illiquid,"materially below current liquidity floor; dollar volume 3,442,357; price 15.93",1,1,Banks - Community,Financials - Banks,"dollar volume invalid: 3,442,357 < 15,000,000",dollar volume invalid,current but ineligible,active,False,,True,True,2026-04-21 14:27:50.061165,live,15.93,216092.739005,3442357.33234965,True,True,False,-2.33,-0.19,7.64,5.57,,0,1,2026-04-15 17:15:52.807876,2026-04-21 14:24:23.377905,False,False,False,False,False
FINV,clearly illiquid,"materially below current liquidity floor; dollar volume 5,522,927; price 4.69",1,1,China Finance,International,"dollar volume invalid: 5,522,927 < 15,000,000",dollar volume invalid,current but ineligible,active,False,,True,True,2026-04-21 14:27:50.061165,live,4.69,1177596.4053424762,5522927.1410562135,True,True,False,-0.21,-8.22,-14.42,-8.4,,0,1,2026-04-15 17:15:52.849127,2026-04-21 14:24:24.292842,False,False,False,False,False
FLGC,clearly illiquid,"materially below current liquidity floor; dollar volume 1,080,518; price 8.95",1,1,Cannabis,Specialty Themes,"dollar volume invalid: 1,080,518 < 15,000,000",dollar volume invalid,current but ineligible,active,False,,True,True,2026-04-21 14:27:50.061165,live,8.95,120728.23809523808,1080517.730952381,True,True,False,-18.41,32.2,22.94,-23.31,,0,1,2026-04-15 17:15:52.899923,2026-04-21 14:24:25.384195,False,False,False,False,False
FLYE,clearly illiquid,"materially below current liquidity floor; dollar volume 35,715; price 2.11",1,1,Aircraft Leasing,Space & Aerospace,"dollar volume invalid: 35,715 < 15,000,000",dollar volume invalid,current but ineligible,active,False,,True,True,2026-04-21 14:27:50.061165,live,2.11,16926.45906042857,35714.82861750428,True,True,False,-4.95,-4.95,18.54,-70.9,,0,1,2026-04-15 17:15:52.960197,2026-04-21 14:24:26.637745,False,False,False,False,False
FNKO,clearly illiquid,"materially below current liquidity floor; dollar volume 2,997,131; price 4.39",1,1,Toys & Games,Consumer - Leisure,"dollar volume invalid: 2,997,131 < 15,000,000",dollar volume invalid,current but ineligible,active,False,,True,True,2026-04-21 14:27:50.061165,live,4.39,682717.8766646667,2997131.4785578866,True,True,False,-2.66,19.29,30.27,23.66,,0,1,2026-04-15 17:15:53.008036,2026-04-21 14:24:28.224084,False,False,False,False,False
FOXF,clearly illiquid,"materially below current liquidity floor; dollar volume 9,913,248; price 17.6",1,1,Outdoor Recreation,Consumer - Leisure,"dollar volume invalid: 9,913,248 < 15,000,000",dollar volume invalid,current but ineligible,active,False,,True,True,2026-04-21 14:27:50.061165,live,17.6,563252.7501954285,9913248.403439542,True,True,False,0.11,0.0,9.45,-7.85,,0,1,2026-04-15 17:15:53.074699,2026-04-21 14:24:29.445806,True,False,False,False,False
FTHM,clearly illiquid,"materially below current liquidity floor; dollar volume 191,561; price 1.08",1,1,Real Estate Tech,Real Estate - Non REIT,"dollar volume invalid: 191,561 < 15,000,000",dollar volume invalid,current but ineligible,active,False,,True,True,2026-04-21 14:27:50.061165,live,1.08,177371.00785909523,191560.6884878229,True,True,False,16.13,21.05,40.28,-16.92,,0,1,2026-04-15 17:15:53.174038,2026-04-21 14:24:31.276821,False,False,False,False,False
GDEN,clearly illiquid,"materially below current liquidity floor; dollar volume 6,158,186; price 28.25",1,1,Gaming & Casinos,Consumer - Leisure,"dollar volume invalid: 6,158,186 < 15,000,000",dollar volume invalid,current but ineligible,active,False,,True,True,2026-04-21 14:27:50.061165,live,28.25,217988.87776504763,6158185.796862596,True,True,False,-1.02,0.28,7.82,1.11,,0,1,2026-04-15 17:15:53.273733,2026-04-21 14:24:33.287937,False,False,False,False,False
GDRX,clearly illiquid,"materially below current liquidity floor; dollar volume 3,284,030; price 2.31",2,2,"Healthcare IT, Men's Health","Healthcare - Devices & Services, Healthcare - Specialty","dollar volume invalid: 3,284,030 < 15,000,000",dollar volume invalid,current but ineligible,active,False,,True,True,2026-04-21 14:27:50.061165,live,2.31,1421658.1242429523,3284030.26700122,True,True,False,-2.53,3.59,13.79,-11.15,,0,1,2026-04-15 17:15:53.283032,2026-04-21 14:24:33.484836,False,False,False,False,False
GEMI,clearly illiquid,"materially below current liquidity floor; dollar volume 9,096,716; price 4.5",1,1,Digital Asset Market Infrastructure,Crypto,"dollar volume invalid: 9,096,716 < 15,000,000",dollar volume invalid,current but ineligible,active,False,,True,True,2026-04-21 14:27:50.061165,live,4.5,2021492.3578539523,9096715.610342786,True,True,False,-3.64,-11.76,-24.62,-56.9,,0,1,2026-04-15 17:15:53.312741,2026-04-21 14:24:34.091897,False,False,False,False,False
GEVO,clearly illiquid,"materially below current liquidity floor; dollar volume 9,729,455; price 1.82",2,2,"Biofuels & Ethanol, Renewable Fuels","Energy - Clean, Energy","dollar volume invalid: 9,729,455 < 15,000,000",dollar volume invalid,current but ineligible,active,False,,True,True,2026-04-21 14:27:50.061165,live,1.82,5345854.2070246665,9729454.656784894,True,True,False,1.11,-9.0,-19.82,-6.67,,0,1,2026-04-15 17:15:53.351824,2026-04-21 14:24:34.903066,False,False,False,False,False
GHLD,clearly illiquid,"materially below current liquidity floor; dollar volume 680,240; price 20.01",1,1,Mortgage Finance,Financials - Other,"dollar volume invalid: 680,240 < 15,000,000",dollar volume invalid,current but ineligible,active,False,,True,True,2026-04-21 14:27:50.061165,live,20.01,33995.0,680239.9500000001,True,True,False,0.7,0.6,0.81,0.45,,0,1,2026-04-15 17:15:53.419041,2026-04-21 14:24:36.353362,False,False,False,False,False
GLRE,clearly illiquid,"materially below current liquidity floor; dollar volume 4,622,278; price 18.46",1,1,Insurance - Reinsurance,Financials - Insurance,"dollar volume invalid: 4,622,278 < 15,000,000",dollar volume invalid,current but ineligible,active,False,,True,True,2026-04-21 14:27:50.061165,live,18.46,250394.24276914287,4622277.721518378,True,True,False,0.11,1.93,15.45,37.15,,0,1,2026-04-15 17:15:53.504389,2026-04-21 14:24:38.424647,False,False,False,False,False
GNK,clearly illiquid,"materially below current liquidity floor; dollar volume 7,106,783; price 22.97",1,1,Shipping - Dry Bulk,Industrials - Transport,"dollar volume invalid: 7,106,783 < 15,000,000",dollar volume invalid,current but ineligible,active,False,,True,True,2026-04-21 14:27:50.061165,live,22.97,309394.1416215238,7106783.433046402,True,True,False,-5.0,-3.57,6.34,19.57,,0,1,2026-04-15 17:15:53.567830,2026-04-21 14:24:39.631240,False,False,False,False,False
GOOS,clearly illiquid,"materially below current liquidity floor; dollar volume 4,842,253; price 12.11",1,1,Luxury & Apparel,Consumer - Leisure,"dollar volume invalid: 4,842,253 < 15,000,000",dollar volume invalid,current but ineligible,active,False,,True,True,2026-04-21 14:27:50.061165,live,12.11,399855.7345460476,4842252.945352636,True,True,False,-0.49,5.58,12.34,-0.49,,0,1,2026-04-15 17:15:53.630199,2026-04-21 14:24:40.847129,False,False,False,False,False
GORO,clearly illiquid,"materially below current liquidity floor; dollar volume 2,860,305; price 1.62",1,1,Gold - Juniors,Metals & Mining,"dollar volume invalid: 2,860,305 < 15,000,000",dollar volume invalid,current but ineligible,active,False,,True,True,2026-04-21 14:27:50.061165,live,1.62,1765620.3584127142,2860304.980628597,True,True,False,-2.41,5.19,64.43,8.72,,0,1,2026-04-15 17:15:53.640063,2026-04-21 14:24:41.048134,False,False,False,False,False
GREE,clearly illiquid,"materially below current liquidity floor; dollar volume 150,379; price 1.26",1,1,Crypto & Bitcoin,Financials - Other,"dollar volume invalid: 150,379 < 15,000,000",dollar volume invalid,current but ineligible,active,False,,True,True,2026-04-21 14:27:50.061165,live,1.26,119348.57619538096,150379.20600618,True,True,False,-2.33,4.13,-0.79,-13.7,,0,1,2026-04-15 17:15:53.722271,2026-04-21 14:24:42.679912,False,False,False,False,False
GRWG,clearly illiquid,"materially below current liquidity floor; dollar volume 333,391; price 1.13",1,1,Cannabis,Specialty Themes,"dollar volume invalid: 333,391 < 15,000,000",dollar volume invalid,current but ineligible,active,False,,True,True,2026-04-21 14:27:50.061165,live,1.13,295036.4196900476,333391.1542497538,True,True,False,-4.24,4.63,-2.59,-21.53,,0,1,2026-04-15 17:15:53.752544,2026-04-21 14:24:43.301468,False,False,False,False,False
GTBIF,clearly illiquid,"materially below current liquidity floor; dollar volume 5,292,146; price 7.2",1,1,Cannabis,Specialty Themes,"dollar volume invalid: 5,292,146 < 15,000,000",dollar volume invalid,current but ineligible,active,False,,True,True,2026-04-21 14:27:50.061165,live,7.2005,734969.2380952381,5292145.998904762,True,True,False,0.43,6.52,14.29,-7.8,,0,1,2026-04-15 17:15:53.791343,2026-04-21 14:24:44.167052,True,False,False,False,False
GTN,clearly illiquid,"materially below current liquidity floor; dollar volume 7,172,432; price 6.2",1,1,Media - Traditional,Media & Entertainment,"dollar volume invalid: 7,172,432 < 15,000,000",dollar volume invalid,current but ineligible,active,False,,True,True,2026-04-21 14:27:50.061165,live,6.2,1156843.928051,7172432.3539162,True,True,False,0.32,12.52,36.87,41.55,,0,1,2026-04-15 17:15:53.823613,2026-04-21 14:24:44.576692,False,False,False,False,False
HIPO,clearly illiquid,"materially below current liquidity floor; dollar volume 2,781,422; price 28.47",1,1,Insurtech,Financials - Insurance,"dollar volume invalid: 2,781,422 < 15,000,000",dollar volume invalid,current but ineligible,active,False,,True,True,2026-04-21 14:27:50.061165,live,28.47,97696.60398419049,2781422.315429902,True,True,False,-0.8,4.63,11.3,-5.48,,0,1,2026-04-15 17:15:54.006719,2026-04-21 14:24:48.130759,False,False,False,False,False
HTLD,clearly illiquid,"materially below current liquidity floor; dollar volume 3,833,235; price 11.82",1,1,Trucking - TL,Industrials - Transport,"dollar volume invalid: 3,833,235 < 15,000,000",dollar volume invalid,current but ineligible,active,False,,True,True,2026-04-21 14:27:50.061165,live,11.82,324300.7692707619,3833235.092780406,True,True,False,0.34,7.45,22.49,16.11,,0,1,2026-04-15 17:15:54.234598,2026-04-21 14:24:53.075502,False,False,False,False,False
IHRT,clearly illiquid,"materially below current liquidity floor; dollar volume 2,478,571; price 4.18",2,2,"Media - Music, Streaming & Media","Media & Entertainment, Technology - Internet","dollar volume invalid: 2,478,571 < 15,000,000",dollar volume invalid,current but ineligible,active,False,,True,True,2026-04-21 14:27:50.061165,live,4.18,592959.5896793334,2478571.0848596133,True,True,False,0.0,7.46,67.87,13.59,,0,1,2026-04-15 17:15:54.414993,2026-04-21 14:24:56.886445,False,False,False,False,False
IMBBY,clearly illiquid,"materially below current liquidity floor; dollar volume 7,162,304; price 36.69",1,1,Tobacco,Specialty Themes,"dollar volume invalid: 7,162,304 < 15,000,000",dollar volume invalid,current but ineligible,active,False,,True,True,2026-04-21 14:27:50.061165,live,36.69,195211.3333333333,7162303.82,True,True,False,-3.17,-7.93,-9.9,-9.54,,0,1,2026-04-15 17:15:54.444977,2026-04-21 14:24:57.533072,True,False,False,False,False
IMMR,clearly illiquid,"materially below current liquidity floor; dollar volume 4,415,163; price 6.45",1,1,AR/VR & Metaverse,Emerging Tech,"dollar volume invalid: 4,415,163 < 15,000,000",dollar volume invalid,current but ineligible,active,False,,True,True,2026-04-21 14:27:50.061165,live,6.45,684521.4537241905,4415163.376521029,True,True,False,-1.83,11.21,10.07,-1.98,,0,1,2026-04-15 17:15:54.477245,2026-04-21 14:24:58.161195,False,False,False,False,False
IMPUY,clearly illiquid,"materially below current liquidity floor; dollar volume 3,104,037; price 15.16",1,1,Platinum & Palladium,Metals & Mining,"dollar volume invalid: 3,104,037 < 15,000,000",dollar volume invalid,current but ineligible,active,False,,True,True,2026-04-21 14:27:50.061165,live,15.16,204751.80952380956,3104037.4323809524,True,True,False,-7.39,-6.54,16.08,-18.97,,0,1,2026-04-15 17:15:54.499208,2026-04-21 14:24:58.632100,True,False,False,False,False
INNV,clearly illiquid,"materially below current liquidity floor; dollar volume 2,050,698; price 7.59",1,1,Senior Living & Care,Healthcare - Specialty,"dollar volume invalid: 2,050,698 < 15,000,000",dollar volume invalid,current but ineligible,active,False,,True,True,2026-04-21 14:27:50.061165,live,7.59,270184.1657289524,2050697.8178827488,True,True,False,-4.53,-7.1,-2.06,27.78,,0,1,2026-04-15 17:15:54.576835,2026-04-21 14:25:01.061263,False,False,False,False,False
IONR,clearly illiquid,"materially below current liquidity floor; dollar volume 1,323,909; price 3.96",1,1,Lithium,Metals & Mining,"dollar volume invalid: 1,323,909 < 15,000,000",dollar volume invalid,current but ineligible,active,False,,True,True,2026-04-21 14:27:50.061165,live,3.96,334320.54358119046,1323909.3525815145,True,True,False,-6.6,1.28,37.5,-34.22,,0,1,2026-04-15 17:15:54.646782,2026-04-21 14:25:02.591703,False,False,False,False,False
ISPR,clearly illiquid,"materially below current liquidity floor; dollar volume 99,986; price 1.66",1,1,Cannabis,Specialty Themes,"dollar volume invalid: 99,986 < 15,000,000",dollar volume invalid,current but ineligible,active,False,,True,True,2026-04-21 14:27:50.061165,live,1.66,60232.40497919048,99985.79226545618,True,True,False,-2.92,-13.09,-5.68,-46.96,,0,1,2026-04-15 17:15:54.761768,2026-04-21 14:25:05.181686,False,False,False,False,False
ITIC,clearly illiquid,"materially below current liquidity floor; dollar volume 4,698,741; price 239.8",1,1,Insurance - Title,Financials - Insurance,"dollar volume invalid: 4,698,741 < 15,000,000",dollar volume invalid,current but ineligible,active,False,,True,True,2026-04-21 14:27:50.061165,live,239.78,19596.05186942857,4698741.317251583,True,True,False,0.05,2.44,14.11,-3.48,,0,1,2026-04-15 17:15:54.801104,2026-04-21 14:25:06.031955,False,False,False,False,False
IVPAF,clearly illiquid,"materially below current liquidity floor; dollar volume 5,970,109; price 8.41",1,1,Copper,Metals & Mining,"dollar volume invalid: 5,970,109 < 15,000,000",dollar volume invalid,current but ineligible,active,False,,True,True,2026-04-21 14:27:50.061165,live,8.41,709882.1428571428,5970108.821428572,True,True,False,-7.49,-8.73,6.05,-27.69,,0,1,2026-04-15 17:15:54.841578,2026-04-21 14:25:06.915626,True,False,False,False,False
JAKK,clearly illiquid,"materially below current liquidity floor; dollar volume 1,388,328; price 22.55",1,1,Toys & Games,Consumer - Leisure,"dollar volume invalid: 1,388,328 < 15,000,000",dollar volume invalid,current but ineligible,active,False,,True,True,2026-04-21 14:27:50.061165,live,22.55,61566.66202457143,1388328.228654086,True,True,False,-0.75,3.06,14.82,21.89,,0,1,2026-04-15 17:15:54.879821,2026-04-21 14:25:07.736145,False,False,False,False,False
JBGS,clearly illiquid,"materially below current liquidity floor; dollar volume 9,711,903; price 15.59",1,1,REITs - Office,Financials - REITs,"dollar volume invalid: 9,711,903 < 15,000,000",dollar volume invalid,current but ineligible,active,False,,True,True,2026-04-21 14:27:50.061165,live,15.59,622957.2417360476,9711903.39866498,True,True,False,-2.01,2.84,4.21,-9.62,,0,1,2026-04-15 17:15:54.898725,2026-04-21 14:25:08.160286,False,False,False,False,False
JBSS,clearly illiquid,"materially below current liquidity floor; dollar volume 6,643,357; price 80.63",2,2,"Livestock & Meat, Meat & Poultry","Commodities & Agriculture, Consumer - Food & Beverage","dollar volume invalid: 6,643,357 < 15,000,000",dollar volume invalid,current but ineligible,active,False,,True,True,2026-04-21 14:27:50.061165,live,80.63,82393.11303366667,6643356.703904543,True,True,False,-0.64,-1.21,8.3,7.29,,0,1,2026-04-15 17:15:54.928048,2026-04-21 14:25:08.772552,False,False,False,False,False
KRBN,clearly illiquid,"materially below current liquidity floor; dollar volume 430,903; price 31.04",1,1,Carbon & Environment,Energy - Clean,"dollar volume invalid: 430,903 < 15,000,000",dollar volume invalid,current but ineligible,active,False,,True,True,2026-04-21 14:27:50.061165,live,31.04,13882.175945666666,430902.7413534933,True,True,False,-0.89,0.64,11.02,-8.79,,0,1,2026-04-15 17:15:55.278811,2026-04-21 14:25:16.206646,False,False,False,False,False
KREF,clearly illiquid,"materially below current liquidity floor; dollar volume 7,779,251; price 6.69",1,1,REITs - Mortgage,Financials - REITs,"dollar volume invalid: 7,779,251 < 15,000,000",dollar volume invalid,current but ineligible,active,False,,True,True,2026-04-21 14:27:50.061165,live,6.69,1162817.856807524,7779251.462042335,True,True,False,-2.05,1.52,4.86,-16.79,,0,1,2026-04-15 17:15:55.299005,2026-04-21 14:25:16.625711,True,False,False,False,False
LBRDA,clearly illiquid,"materially below current liquidity floor; dollar volume 8,064,498; price 56.41",1,1,Telecom - Cable,Telecom,"dollar volume invalid: 8,064,498 < 15,000,000",dollar volume invalid,current but ineligible,active,False,,True,True,2026-04-21 14:27:50.061165,live,56.41,142962.2139365238,8064498.488159307,True,True,False,-1.09,12.12,14.03,31.8,,0,1,2026-04-15 17:15:55.415023,2026-04-21 14:25:19.089209,False,False,False,False,False
LDI,clearly illiquid,"materially below current liquidity floor; dollar volume 3,181,147; price 1.69",1,1,Mortgage Finance,Financials - Other,"dollar volume invalid: 3,181,147 < 15,000,000",dollar volume invalid,current but ineligible,active,False,,True,True,2026-04-21 14:27:50.061165,live,1.69,1882335.6914112852,3181147.3184850723,True,True,False,-4.52,12.67,14.19,-39.64,,0,1,2026-04-15 17:15:55.466429,2026-04-21 14:25:20.099972,False,False,False,False,False
LEE,clearly illiquid,"materially below current liquidity floor; dollar volume 367,489; price 8.76",1,1,Media - Publishing,Media & Entertainment,"dollar volume invalid: 367,489 < 15,000,000",dollar volume invalid,current but ineligible,active,False,,True,True,2026-04-21 14:27:50.061165,live,8.76,41950.77497495238,367488.7887805829,True,True,False,5.63,4.66,10.19,67.5,,0,1,2026-04-15 17:15:55.515231,2026-04-21 14:25:20.703678,False,False,False,False,False
LFMD,clearly illiquid,"materially below current liquidity floor; dollar volume 5,169,019; price 4.53",1,1,Telehealth,Healthcare - Specialty,"dollar volume invalid: 5,169,019 < 15,000,000",dollar volume invalid,current but ineligible,active,False,,True,True,2026-04-21 14:27:50.061165,live,4.53,1141063.8802751428,5169019.377646398,True,True,False,-10.47,20.16,16.15,27.25,,0,1,2026-04-15 17:15:55.547252,2026-04-21 14:25:21.340710,False,False,False,False,False
LGI,clearly illiquid,"materially below current liquidity floor; dollar volume 1,090,719; price 17.47",1,1,Homebuilders - Entry Level,Real Estate - Non REIT,"dollar volume invalid: 1,090,719 < 15,000,000",dollar volume invalid,current but ineligible,active,False,,True,True,2026-04-21 14:27:50.061165,live,17.47,62433.80458685715,1090718.5661323944,True,True,False,-0.91,1.1,4.86,-2.51,,0,1,2026-04-15 17:15:55.567612,2026-04-21 14:25:22.221144,False,False,False,False,False
LIDR,clearly illiquid,"materially below current liquidity floor; dollar volume 1,869,923; price 1.71",1,1,LIDAR,Autos & EV,"dollar volume invalid: 1,869,923 < 15,000,000",dollar volume invalid,current but ineligible,active,False,,True,True,2026-04-21 14:27:50.061165,live,1.71,1093522.1212525235,1869922.8273418157,True,True,False,-1.72,3.64,-23.66,-13.64,,0,1,2026-04-15 17:15:55.607397,2026-04-21 14:25:23.050999,False,False,False,False,False
LMNX,clearly illiquid,"materially below current liquidity floor; dollar volume 742,246; price 19.47",1,1,Pharma - Generic,Healthcare - Pharma,"dollar volume invalid: 742,246 < 15,000,000",dollar volume invalid,current but ineligible,active,False,,True,True,2026-04-21 14:27:50.061165,live,19.4658,38130.79424485714,742246.4146115402,True,True,False,-7.53,10.29,-0.31,-44.0,,0,1,2026-04-15 17:15:55.679633,2026-04-21 14:25:24.492425,False,False,False,False,False
LOCO,clearly illiquid,"materially below current liquidity floor; dollar volume 3,759,614; price 13.79",1,1,Restaurants - Fast Food,Consumer - Restaurants,"dollar volume invalid: 3,759,614 < 15,000,000",dollar volume invalid,current but ineligible,active,False,,True,True,2026-04-21 14:27:50.061165,live,13.79,272633.3770640476,3759614.269713217,True,True,False,-1.92,-0.72,-2.54,26.75,,0,1,2026-04-15 17:15:55.728326,2026-04-21 14:25:25.555055,False,False,False,False,False
LTRX,clearly illiquid,"materially below current liquidity floor; dollar volume 3,143,232; price 6.33",1,1,Drone Components,Emerging Tech,"dollar volume invalid: 3,143,232 < 15,000,000",dollar volume invalid,current but ineligible,active,False,,True,True,2026-04-21 14:27:50.061165,live,6.33,496561.1548832381,3143232.110410897,True,True,False,-0.16,7.84,16.79,-2.76,,0,1,2026-04-15 17:15:55.837310,2026-04-21 14:25:27.852428,False,False,False,False,False
LU,clearly illiquid,"materially below current liquidity floor; dollar volume 3,388,138; price 1.87",1,1,China Finance,International,"dollar volume invalid: 3,388,138 < 15,000,000",dollar volume invalid,current but ineligible,active,False,,True,True,2026-04-21 14:27:50.061165,live,1.87,1811838.3153324288,3388137.649671642,True,True,False,-1.58,-3.61,-8.78,-27.52,,0,1,2026-04-15 17:15:55.847504,2026-04-21 14:25:28.051087,False,False,False,False,False
MATW,clearly illiquid,"materially below current liquidity floor; dollar volume 4,524,611; price 27.16",1,1,Funeral & Death Care,Specialty Themes,"dollar volume invalid: 4,524,611 < 15,000,000",dollar volume invalid,current but ineligible,active,False,,True,True,2026-04-21 14:27:50.061165,live,27.16,166590.98327580953,4524611.1057709865,True,True,False,-0.91,0.63,13.59,3.62,,0,1,2026-04-15 17:15:56.089057,2026-04-21 14:25:33.267028,False,False,False,False,False
MAXN,clearly illiquid,"materially below current liquidity floor; dollar volume 8,430,623; price 1.6",1,1,Solar - Manufacturers,Energy - Clean,"dollar volume invalid: 8,430,623 < 15,000,000",dollar volume invalid,current but ineligible,active,False,,True,True,2026-04-21 14:27:50.061165,live,1.6,5269139.131688239,8430622.610701183,True,True,False,1.27,3.9,-20.4,-41.61,,0,1,2026-04-15 17:15:56.111048,2026-04-21 14:25:33.668380,False,False,False,False,False
MBGAF,clearly illiquid,"materially below current liquidity floor; dollar volume 1,796,398; price 59.78",1,1,Auto - Luxury,Autos & EV,"dollar volume invalid: 1,796,398 < 15,000,000",dollar volume invalid,current but ineligible,active,False,,True,True,2026-04-21 14:27:50.061165,live,59.784,30048.14285714286,1796398.1725714286,True,True,False,-2.22,-7.93,2.06,-10.1,,0,1,2026-04-15 17:15:56.121019,2026-04-21 14:25:33.913347,True,False,False,False,False
MGPI,clearly illiquid,"materially below current liquidity floor; dollar volume 4,837,772; price 19.81",2,2,"Alcohol & Spirits, Beverages - Spirits","Specialty Themes, Consumer - Food & Beverage","dollar volume invalid: 4,837,772 < 15,000,000",dollar volume invalid,current but ineligible,active,False,,True,True,2026-04-21 14:27:50.061165,live,19.81,244208.59454004763,4837772.257838343,True,True,False,-0.7,0.46,20.06,-18.07,,0,1,2026-04-15 17:15:56.349698,2026-04-21 14:25:37.934507,False,False,False,False,False
MJ,clearly illiquid,"materially below current liquidity floor; dollar volume 706,611; price 25.95",1,1,Cannabis,Specialty Themes,"dollar volume invalid: 706,611 < 15,000,000",dollar volume invalid,current but ineligible,active,False,,True,True,2026-04-21 14:27:50.061165,live,25.9487,27231.079544666667,706611.1137806919,True,True,False,-3.36,4.5,14.16,-9.46,,0,1,2026-04-15 17:15:56.369404,2026-04-21 14:25:38.365245,False,False,False,False,False
MOB,clearly illiquid,"materially below current liquidity floor; dollar volume 1,785,945; price 6.08",1,1,Drone Components,Emerging Tech,"dollar volume invalid: 1,785,945 < 15,000,000",dollar volume invalid,current but ineligible,active,False,,True,True,2026-04-21 14:27:50.061165,live,6.08,293740.93521657144,1785944.8861167545,True,True,False,18.98,25.62,9.95,-23.04,,0,1,2026-04-15 17:15:56.474469,2026-04-21 14:25:40.624891,False,False,False,False,False
MSOX,clearly illiquid,"materially below current liquidity floor; dollar volume 7,460,409; price 2.97",1,1,Cannabis,Specialty Themes,"dollar volume invalid: 7,460,409 < 15,000,000",dollar volume invalid,current but ineligible,active,False,,True,True,2026-04-21 14:27:50.061165,live,2.97,2511922.319885762,7460409.290060714,True,True,False,-4.19,21.72,30.26,-26.67,,0,1,2026-04-15 17:15:56.694220,2026-04-21 14:25:45.874620,False,False,False,False,False
MTLS,clearly illiquid,"materially below current liquidity floor; dollar volume 436,479; price 5.39",1,1,3D Printing,Emerging Tech,"dollar volume invalid: 436,479 < 15,000,000",dollar volume invalid,current but ineligible,active,False,,True,True,2026-04-21 14:27:50.061165,live,5.39,80979.48623895238,436479.43082795327,True,True,False,-0.74,3.65,10.22,-3.58,,0,1,2026-04-15 17:15:56.773550,2026-04-21 14:25:47.465173,False,False,False,False,False
MTW,clearly illiquid,"materially below current liquidity floor; dollar volume 2,455,031; price 12.52",1,1,Construction Equipment,Industrials - Machinery,"dollar volume invalid: 2,455,031 < 15,000,000",dollar volume invalid,current but ineligible,active,False,,True,True,2026-04-21 14:27:50.061165,live,12.52,196088.74890823808,2455031.1363311405,True,True,False,-2.87,-6.71,11.89,-5.01,,0,1,2026-04-15 17:15:56.803784,2026-04-21 14:25:47.878732,False,False,False,False,False
MVST,clearly illiquid,"materially below current liquidity floor; dollar volume 5,971,839; price 1.87",2,2,"EV - Batteries, Energy Storage & Batteries","Autos & EV, Energy - Clean","dollar volume invalid: 5,971,839 < 15,000,000",dollar volume invalid,current but ineligible,active,False,,True,True,2026-04-21 14:27:50.061165,live,1.87,3193496.8320785714,5971839.075986929,True,True,False,-2.6,8.09,16.88,-34.39,,0,1,2026-04-15 17:15:56.842438,2026-04-21 14:25:48.694661,False,False,False,False,False
NAVI,clearly illiquid,"materially below current liquidity floor; dollar volume 8,001,031; price 8.98",1,1,Specialty Finance,Financials - Other,"dollar volume invalid: 8,001,031 < 15,000,000",dollar volume invalid,current but ineligible,active,False,,True,True,2026-04-21 14:27:50.061165,live,8.98,890983.3840742381,8001030.788986659,True,True,False,-0.33,8.45,11.69,-24.98,,0,1,2026-04-15 17:15:56.862416,2026-04-21 14:25:49.080997,False,False,False,False,False
NC,clearly illiquid,"materially below current liquidity floor; dollar volume 512,401; price 47.3",1,1,Coal,Metals & Mining,"dollar volume invalid: 512,401 < 15,000,000",dollar volume invalid,current but ineligible,active,False,,True,True,2026-04-21 14:27:50.061165,live,47.3,10832.995921857142,512400.7071038428,True,True,False,-2.51,-4.27,-2.67,1.7,,0,1,2026-04-15 17:15:56.899546,2026-04-21 14:25:49.874777,False,False,False,False,False
NDLS,clearly illiquid,"materially below current liquidity floor; dollar volume 1,386,851; price 9.81",1,1,Restaurants - Fast Casual,Consumer - Restaurants,"dollar volume invalid: 1,386,851 < 15,000,000",dollar volume invalid,current but ineligible,active,False,,True,True,2026-04-21 14:27:50.061165,live,9.81,141371.1685065238,1386851.1630489985,True,True,False,3.26,16.65,59.77,55.52,,0,1,2026-04-15 17:15:56.929967,2026-04-21 14:25:50.483960,False,False,False,False,False
NNDM,clearly illiquid,"materially below current liquidity floor; dollar volume 4,117,889; price 1.79",1,1,3D Printing,Emerging Tech,"dollar volume invalid: 4,117,889 < 15,000,000",dollar volume invalid,current but ineligible,active,False,,True,True,2026-04-21 14:27:50.061165,live,1.79,2300496.695990524,4117889.0858230377,True,True,False,-2.72,3.47,12.58,1.13,,0,1,2026-04-15 17:15:57.134837,2026-04-21 14:25:54.975256,False,False,False,False,False
NUCL,clearly illiquid,"materially below current liquidity floor; dollar volume 5,889,729; price 10.6",1,1,SMR,Energy - Clean,"dollar volume invalid: 5,889,729 < 15,000,000",dollar volume invalid,current but ineligible,active,False,,True,True,2026-04-21 14:27:50.061165,live,10.6,555634.8454510476,5889729.3617811045,True,True,False,-3.2,23.54,83.39,,,0,1,2026-04-15 17:15:57.324205,2026-04-21 14:25:58.904300,False,False,False,False,False
NXRT,clearly illiquid,"materially below current liquidity floor; dollar volume 5,660,402; price 26.48",1,1,REITs - Residential,Financials - REITs,"dollar volume invalid: 5,660,402 < 15,000,000",dollar volume invalid,current but ineligible,active,False,,True,True,2026-04-21 14:27:50.061165,live,26.48,213761.4022049524,5660401.930387139,True,True,False,-2.93,-0.53,7.51,-12.23,,0,1,2026-04-15 17:15:57.434201,2026-04-21 14:26:01.230533,False,False,False,False,False
OFIX,clearly illiquid,"materially below current liquidity floor; dollar volume 2,997,209; price 12.1",1,1,Medical Devices - Ortho,Healthcare - Devices & Services,"dollar volume invalid: 2,997,209 < 15,000,000",dollar volume invalid,current but ineligible,active,False,,True,True,2026-04-21 14:27:50.061165,live,12.1,247703.23084285716,2997209.093198572,True,True,False,-4.35,-4.87,3.86,-11.29,,0,1,2026-04-15 17:15:57.506662,2026-04-21 14:26:02.723787,False,False,False,False,False
OPRT,clearly illiquid,"materially below current liquidity floor; dollar volume 2,265,320; price 5.69",1,1,Specialty Finance,Financials - Other,"dollar volume invalid: 2,265,320 < 15,000,000",dollar volume invalid,current but ineligible,active,False,,True,True,2026-04-21 14:27:50.061165,live,5.69,398123.0327887143,2265320.0565677844,True,True,False,-2.23,6.75,27.87,17.32,,0,1,2026-04-15 17:15:57.663524,2026-04-21 14:26:06.490996,False,False,False,False,False
PETS,clearly illiquid,"materially below current liquidity floor; dollar volume 191,167; price 2.3",1,1,Pet Industry,Specialty Themes,"dollar volume invalid: 191,167 < 15,000,000",dollar volume invalid,current but ineligible,active,False,,True,True,2026-04-21 14:27:50.061165,live,2.3,83116.03485990476,191166.88017778093,True,True,False,-2.95,-2.13,-4.96,-30.09,,0,1,2026-04-15 17:15:58.015117,2026-04-21 14:26:13.026799,False,False,False,False,False
PNTG,clearly illiquid,"materially below current liquidity floor; dollar volume 6,528,698; price 28.9",2,2,"Home Health, Senior Living & Care",Healthcare - Specialty,"dollar volume invalid: 6,528,698 < 15,000,000",dollar volume invalid,current but ineligible,active,False,,True,True,2026-04-21 14:27:50.061165,live,28.9,225906.51405271428,6528698.256123442,True,True,False,-2.5,-5.71,-6.92,-1.37,,0,1,2026-04-15 17:15:58.257966,2026-04-21 14:26:18.597954,False,False,False,False,False
POAHY,clearly illiquid,"materially below current liquidity floor; dollar volume 1,256,916; price 3.795",1,1,Auto - Luxury,Autos & EV,"dollar volume invalid: 1,256,916 < 15,000,000",dollar volume invalid,current but ineligible,active,False,,True,True,2026-04-21 14:27:50.061165,live,3.795,331203.09523809527,1256915.7464285714,True,True,False,-1.43,0.0,6.6,-7.66,,0,1,2026-04-15 17:15:58.267820,2026-04-21 14:26:18.819109,True,False,False,False,False
PRME,clearly illiquid,"materially below current liquidity floor; dollar volume 7,928,766; price 3.81",1,1,Biotech - Gene Therapy,Healthcare - Biotech,"dollar volume invalid: 7,928,766 < 15,000,000",dollar volume invalid,current but ineligible,active,False,,True,True,2026-04-21 14:27:50.061165,live,3.81,2081040.9257218095,7928765.927000095,True,True,False,-2.06,2.97,8.24,-2.06,,0,1,2026-04-15 17:15:58.433430,2026-04-21 14:26:22.314614,False,False,False,False,False
PSFE,clearly illiquid,"materially below current liquidity floor; dollar volume 3,466,916; price 9.01",1,1,Fintech - Lending,Financials - Other,"dollar volume invalid: 3,466,916 < 15,000,000",dollar volume invalid,current but ineligible,active,False,,True,True,2026-04-21 14:27:50.061165,live,9.01,384785.3222399048,3466915.753381542,True,True,False,-1.85,9.21,30.39,30.39,,0,1,2026-04-15 17:15:58.464664,2026-04-21 14:26:22.923140,False,False,False,False,False
PSNY,clearly illiquid,"materially below current liquidity floor; dollar volume 1,908,450; price 18.02",1,1,EV - Manufacturers,Autos & EV,"dollar volume invalid: 1,908,450 < 15,000,000",dollar volume invalid,current but ineligible,active,False,,True,True,2026-04-21 14:27:50.061165,live,18.02,105907.33978,1908450.2628356,True,True,False,-5.01,-13.49,9.01,-8.34,,0,1,2026-04-15 17:15:58.485477,2026-04-21 14:26:23.328560,True,False,False,False,False
PUBM,clearly illiquid,"materially below current liquidity floor; dollar volume 6,393,557; price 9.47",2,2,"Advertising - Digital, Internet - Search & Ads","Media & Entertainment, Technology - Internet","dollar volume invalid: 6,393,557 < 15,000,000",dollar volume invalid,current but ineligible,active,False,,True,True,2026-04-21 14:27:50.061165,live,9.47,675138.0327736667,6393557.170366623,True,True,False,-4.25,7.74,18.6,25.68,,0,1,2026-04-15 17:15:58.544301,2026-04-21 14:26:24.594949,False,False,False,False,False
QCLS,clearly illiquid,"materially below current liquidity floor; dollar volume 1,293,648; price 3.8",1,1,Cannabis,Specialty Themes,"dollar volume invalid: 1,293,648 < 15,000,000",dollar volume invalid,current but ineligible,active,False,,True,True,2026-04-21 14:27:50.061165,live,3.8,340433.66445590474,1293647.924932438,True,True,False,1.06,2.7,3.54,-9.42,,0,1,2026-04-15 17:15:58.613254,2026-04-21 14:26:25.994336,False,False,False,False,False
RGCO,clearly illiquid,"materially below current liquidity floor; dollar volume 218,130; price 21.2",1,1,Utilities - Gas,Utilities,"dollar volume invalid: 218,130 < 15,000,000",dollar volume invalid,current but ineligible,active,False,,True,True,2026-04-21 14:27:50.061165,live,21.2,10289.133690619046,218129.63424112377,True,True,False,-3.11,-7.79,-0.56,-0.07,,0,1,2026-04-15 17:15:58.874358,2026-04-21 14:26:31.569133,False,False,False,False,False
RMR,clearly illiquid,"materially below current liquidity floor; dollar volume 2,168,032; price 16.58",2,2,"Facilities, Real Estate Services","Industrials - Services, Real Estate - Non REIT","dollar volume invalid: 2,168,032 < 15,000,000",dollar volume invalid,current but ineligible,active,False,,True,True,2026-04-21 14:27:50.061165,live,16.58,130761.85833657144,2168031.611220354,True,True,False,-2.81,-0.12,6.62,2.35,,0,1,2026-04-15 17:15:59.062335,2026-04-21 14:26:34.969523,False,False,False,False,False
SB,clearly illiquid,"materially below current liquidity floor; dollar volume 3,390,039; price 6.5",1,1,Shipping - Dry Bulk,Industrials - Transport,"dollar volume invalid: 3,390,039 < 15,000,000",dollar volume invalid,current but ineligible,active,False,,True,True,2026-04-21 14:27:50.061165,live,6.5,521544.44448728574,3390038.889167357,True,True,False,-2.99,0.31,7.44,25.97,,0,1,2026-04-15 17:15:59.391592,2026-04-21 14:26:41.990875,False,False,False,False,False
SES,clearly illiquid,"materially below current liquidity floor; dollar volume 6,734,329; price 1.15",2,2,"EV - Batteries, Energy Storage & Batteries","Autos & EV, Energy - Clean","dollar volume invalid: 6,734,329 < 15,000,000",dollar volume invalid,current but ineligible,active,False,,True,True,2026-04-21 14:27:50.061165,live,1.15,5855938.409421572,6734329.170834807,True,True,False,-3.36,4.55,9.52,-47.0,,0,1,2026-04-15 17:15:59.568201,2026-04-21 14:26:45.696687,False,False,False,False,False
SIBN,clearly illiquid,"materially below current liquidity floor; dollar volume 9,323,860; price 13.82",1,1,Medical Devices - Ortho,Healthcare - Devices & Services,"dollar volume invalid: 9,323,860 < 15,000,000",dollar volume invalid,current but ineligible,active,False,,True,True,2026-04-21 14:27:50.061165,live,13.82,674664.2634388572,9323860.120725006,True,True,False,-3.49,-4.23,8.05,-18.37,,0,1,2026-04-15 17:15:59.697198,2026-04-21 14:26:48.905051,False,False,False,False,False
SID,clearly illiquid,"materially below current liquidity floor; dollar volume 6,734,423; price 1.3",1,1,Steel,Metals & Mining,"dollar volume invalid: 6,734,423 < 15,000,000",dollar volume invalid,current but ineligible,active,False,,True,True,2026-04-21 14:27:50.061165,live,1.3,5180325.098642714,6734422.628235529,True,True,False,-5.8,-3.7,14.04,-23.53,,0,1,2026-04-15 17:15:59.706409,2026-04-21 14:26:49.110474,False,False,False,False,False
SILC,clearly illiquid,"materially below current liquidity floor; dollar volume 2,011,994; price 31.65",1,1,Taiwan,International,"dollar volume invalid: 2,011,994 < 15,000,000",dollar volume invalid,current but ineligible,active,False,,True,True,2026-04-21 14:27:50.061165,live,31.65,63570.11255814286,2011994.0624652212,True,True,False,6.93,36.6,74.48,106.19,,0,1,2026-04-15 17:15:59.735882,2026-04-21 14:26:49.923166,False,False,False,False,False
SITC,clearly illiquid,"materially below current liquidity floor; dollar volume 4,039,952; price 5.42",1,1,REITs - Retail,Financials - REITs,"dollar volume invalid: 4,039,952 < 15,000,000",dollar volume invalid,current but ineligible,active,False,,True,True,2026-04-21 14:27:50.061165,live,5.42,745378.6291715238,4039952.170109659,True,True,False,-2.87,2.26,0.0,-12.86,,0,1,2026-04-15 17:15:59.754774,2026-04-21 14:26:50.333903,False,False,False,False,False
SKLZ,clearly illiquid,"materially below current liquidity floor; dollar volume 608,513; price 3.58",1,1,Video Games,Technology - Internet,"dollar volume invalid: 608,513 < 15,000,000",dollar volume invalid,current but ineligible,active,False,,True,True,2026-04-21 14:27:50.061165,live,3.58,169975.7540592857,608513.1995322428,True,True,False,-4.02,27.86,33.58,-15.17,,0,1,2026-04-15 17:15:59.793433,2026-04-21 14:26:50.940743,False,False,False,False,False
SMRT,clearly illiquid,"materially below current liquidity floor; dollar volume 1,085,067; price 1.48",1,1,IoT & Smart Home,Emerging Tech,"dollar volume invalid: 1,085,067 < 15,000,000",dollar volume invalid,current but ineligible,active,False,,True,True,2026-04-21 14:27:50.061165,live,1.48,733153.3251182857,1085066.921175063,True,True,False,-2.63,2.78,-6.33,-13.95,,0,1,2026-04-15 17:15:59.916385,2026-04-21 14:26:53.168453,False,False,False,False,False
SNDL,clearly illiquid,"materially below current liquidity floor; dollar volume 2,100,835; price 1.51",1,1,Cannabis,Specialty Themes,"dollar volume invalid: 2,100,835 < 15,000,000",dollar volume invalid,current but ineligible,active,False,,True,True,2026-04-21 14:27:50.061165,live,1.51,1391281.444149095,2100834.980665134,True,True,False,-1.95,4.86,11.85,-4.43,,0,1,2026-04-15 17:15:59.945987,2026-04-21 14:26:53.758037,False,False,False,False,False
SPLS,clearly illiquid,"materially below current liquidity floor; dollar volume 693,839; price 50.83",1,1,Retail - Office,Consumer - Retail,"dollar volume invalid: 693,839 < 15,000,000",dollar volume invalid,current but ineligible,active,False,,True,True,2026-04-21 14:27:50.061165,live,50.83,13650.189884095236,693839.1518085608,True,True,False,-0.6,1.35,8.76,3.94,,0,1,2026-04-15 17:16:00.126239,2026-04-21 14:26:57.167492,False,False,False,False,False
SPWR,clearly illiquid,"materially below current liquidity floor; dollar volume 1,178,920; price 1.13",2,2,"Solar - Manufacturers, Solar - Residential",Energy - Clean,"dollar volume invalid: 1,178,920 < 15,000,000",dollar volume invalid,current but ineligible,active,False,,True,True,2026-04-21 14:27:50.061165,live,1.13,1043291.9788267142,1178919.936074187,True,True,False,-7.38,-8.13,-4.24,-33.53,,0,1,2026-04-15 17:16:00.154591,2026-04-21 14:26:57.774009,False,False,False,False,False
SSYS,clearly illiquid,"materially below current liquidity floor; dollar volume 5,372,998; price 8.67",1,1,3D Printing,Emerging Tech,"dollar volume invalid: 5,372,998 < 15,000,000",dollar volume invalid,current but ineligible,active,False,,True,True,2026-04-21 14:27:50.061165,live,8.67,619722.908404,5372997.61586268,True,True,False,-1.7,2.6,14.08,-20.46,,0,1,2026-04-15 17:16:00.203578,2026-04-21 14:26:59.278055,False,False,False,False,False
TACO,clearly illiquid,"materially below current liquidity floor; dollar volume 480,466; price 10.29",1,1,Restaurants - Fast Casual,Consumer - Restaurants,"dollar volume invalid: 480,466 < 15,000,000",dollar volume invalid,current but ineligible,active,False,,True,True,2026-04-21 14:27:50.061165,live,10.29,46692.564242857145,480466.486059,True,True,False,0.0,0.39,0.88,1.08,,0,1,2026-04-15 17:16:00.432828,2026-04-21 14:27:03.851183,False,False,False,False,False
TATT,clearly illiquid,"materially below current liquidity floor; dollar volume 8,188,285; price 35.84",1,1,Defense - Small Cap,Defense,"dollar volume invalid: 8,188,285 < 15,000,000",dollar volume invalid,current but ineligible,active,False,,True,True,2026-04-21 14:27:50.061165,live,35.84,228467.77016338092,8188284.882655574,True,True,False,-4.17,-19.98,-16.67,-31.47,,0,1,2026-04-15 17:16:00.473793,2026-04-21 14:27:04.671924,False,False,False,False,False
TBI,clearly illiquid,"materially below current liquidity floor; dollar volume 1,998,108; price 4.55",1,1,Staffing,Industrials - Services,"dollar volume invalid: 1,998,108 < 15,000,000",dollar volume invalid,current but ineligible,active,False,,True,True,2026-04-21 14:27:50.061165,live,4.55,439144.5456930477,1998107.6829033664,True,True,False,1.11,21.01,27.09,-13.33,,0,1,2026-04-15 17:16:00.484177,2026-04-21 14:27:04.873900,False,False,False,False,False
TCNNF,clearly illiquid,"materially below current liquidity floor; dollar volume 1,642,163; price 6.97",1,1,Cannabis,Specialty Themes,"dollar volume invalid: 1,642,163 < 15,000,000",dollar volume invalid,current but ineligible,active,False,,True,True,2026-04-21 14:27:50.061165,live,6.97,235604.47619047615,1642163.199047619,True,True,False,-0.57,8.4,12.6,-13.74,,0,1,2026-04-15 17:16:00.504607,2026-04-21 14:27:05.297396,True,False,False,False,False
TITN,clearly illiquid,"materially below current liquidity floor; dollar volume 3,044,164; price 20.08",2,2,"Agricultural Equipment, Agriculture - Equipment","Industrials - Machinery, Commodities & Agriculture","dollar volume invalid: 3,044,164 < 15,000,000",dollar volume invalid,current but ineligible,active,False,,True,True,2026-04-21 14:27:50.061165,live,20.08,151601.8060284762,3044164.2650518017,True,True,False,-2.29,0.5,34.95,29.3,,0,1,2026-04-15 17:16:00.732918,2026-04-21 14:27:09.961969,False,False,False,False,False
TR,clearly illiquid,"materially below current liquidity floor; dollar volume 4,715,598; price 41.92",1,1,Snacks & Candy,Consumer - Food & Beverage,"dollar volume invalid: 4,715,598 < 15,000,000",dollar volume invalid,current but ineligible,active,False,,True,True,2026-04-21 14:27:50.061165,live,41.92,112490.41764557142,4715598.307702354,True,True,False,0.46,-2.78,3.46,14.2,,0,1,2026-04-15 17:16:00.914745,2026-04-21 14:27:13.574090,False,False,False,False,False
TREE,clearly illiquid,"materially below current liquidity floor; dollar volume 9,093,444; price 48.08",1,1,Fintech - Lending,Financials - Other,"dollar volume invalid: 9,093,444 < 15,000,000",dollar volume invalid,current but ineligible,active,False,,True,True,2026-04-21 14:27:50.061165,live,48.08,189131.52696623807,9093443.816536726,True,True,False,-2.36,6.16,18.95,-25.95,,0,1,2026-04-15 17:16:00.924090,2026-04-21 14:27:13.772685,False,False,False,False,False
TRIL,clearly illiquid,"materially below current liquidity floor; dollar volume 33,854; price 19.86",1,1,Biotech - mRNA,Healthcare - Biotech,"dollar volume invalid: 33,854 < 15,000,000",dollar volume invalid,current but ineligible,active,False,,True,True,2026-04-21 14:27:50.061165,live,19.863,1704.3809523809523,33854.11885714286,True,True,False,0.29,-0.96,-2.64,-1.15,,0,1,2026-04-15 17:16:00.954406,2026-04-21 14:27:14.386280,False,False,False,False,False
TRTX,clearly illiquid,"materially below current liquidity floor; dollar volume 5,663,104; price 8.37",1,1,REITs - Mortgage,Financials - REITs,"dollar volume invalid: 5,663,104 < 15,000,000",dollar volume invalid,current but ineligible,active,False,,True,True,2026-04-21 14:27:50.061165,live,8.37,676595.4753851905,5663104.128974044,True,True,False,0.0,2.2,6.9,-7.72,,0,1,2026-04-15 17:16:01.012744,2026-04-21 14:27:15.580426,False,False,False,False,False
TRUP,clearly illiquid,"materially below current liquidity floor; dollar volume 8,919,546; price 27.91",1,1,Pet Industry,Specialty Themes,"dollar volume invalid: 8,919,546 < 15,000,000",dollar volume invalid,current but ineligible,active,False,,True,True,2026-04-21 14:27:50.061165,live,27.91,319582.45849161904,8919546.416501088,True,True,False,-3.36,6.28,6.49,-10.6,,0,1,2026-04-15 17:16:01.021944,2026-04-21 14:27:15.788522,False,False,False,False,False
TRVG,clearly illiquid,"materially below current liquidity floor; dollar volume 82,617; price 2.81",1,1,Internet - Travel,Technology - Internet,"dollar volume invalid: 82,617 < 15,000,000",dollar volume invalid,current but ineligible,active,False,,True,True,2026-04-21 14:27:50.061165,live,2.81,29401.195412666664,82617.35910959332,True,True,False,1.08,5.24,3.31,0.0,,0,1,2026-04-15 17:16:01.041198,2026-04-21 14:27:16.194817,False,False,False,False,False
TX,clearly illiquid,"materially below current liquidity floor; dollar volume 6,779,686; price 42.77",1,1,Steel,Metals & Mining,"dollar volume invalid: 6,779,686 < 15,000,000",dollar volume invalid,current but ineligible,active,False,,True,True,2026-04-21 14:27:50.061165,live,42.77,158514.9768801905,6779685.561165747,True,True,False,-0.53,-1.02,14.11,1.04,,0,1,2026-04-15 17:16:01.238749,2026-04-21 14:27:20.149029,False,False,False,False,False
UAVS,clearly illiquid,"materially below current liquidity floor; dollar volume 2,803,027; price 1.16",1,1,Drones & UAV,Emerging Tech,"dollar volume invalid: 2,803,027 < 15,000,000",dollar volume invalid,current but ineligible,active,False,,True,True,2026-04-21 14:27:50.061165,live,1.16,2416402.6747548096,2803027.102715579,True,True,False,-2.52,11.54,18.14,-12.78,,0,1,2026-04-15 17:16:01.308412,2026-04-21 14:27:21.575454,False,False,False,False,False
UDMY,clearly illiquid,"materially below current liquidity floor; dollar volume 7,015,231; price 5.06",1,1,Education,Specialty Themes,"dollar volume invalid: 7,015,231 < 15,000,000",dollar volume invalid,current but ineligible,active,False,,True,True,2026-04-21 14:27:50.061165,live,5.06,1386409.3521429524,7015231.321843338,True,True,False,-2.88,6.53,8.82,1.81,,0,1,2026-04-15 17:16:01.363261,2026-04-21 14:27:22.594799,True,False,False,False,False
UROY,clearly illiquid,"materially below current liquidity floor; dollar volume 7,992,131; price 3.57",1,1,Rare Earths,Metals & Mining,"dollar volume invalid: 7,992,131 < 15,000,000",dollar volume invalid,current but ineligible,active,False,,True,True,2026-04-21 14:27:50.061165,live,3.57,2238692.140400381,7992130.941229359,True,True,False,-1.92,-4.29,8.51,-20.49,,0,1,2026-04-15 17:16:01.510611,2026-04-21 14:27:25.608136,True,False,False,False,False
USAU,clearly illiquid,"materially below current liquidity floor; dollar volume 4,790,970; price 16.09",1,1,Gold - Juniors,Metals & Mining,"dollar volume invalid: 4,790,970 < 15,000,000",dollar volume invalid,current but ineligible,active,False,,True,True,2026-04-21 14:27:50.061165,live,16.09,297760.7485520476,4790970.444202445,True,True,False,-5.91,-2.78,14.03,-20.07,,0,1,2026-04-15 17:16:01.529907,2026-04-21 14:27:26.005808,False,False,False,False,False
VFF,clearly illiquid,"materially below current liquidity floor; dollar volume 2,598,205; price 2.87",1,1,Cannabis,Specialty Themes,"dollar volume invalid: 2,598,205 < 15,000,000",dollar volume invalid,current but ineligible,active,False,,True,True,2026-04-21 14:27:50.061165,live,2.87,905297.9228081906,2598205.038459507,True,True,False,-4.01,7.49,12.99,-19.61,,0,1,2026-04-15 17:16:01.682428,2026-04-21 14:27:28.616877,True,False,False,False,False
VRNO,clearly illiquid,"materially below current liquidity floor; dollar volume 1,369,114; price 1.18",1,1,Cannabis,Specialty Themes,"dollar volume invalid: 1,369,114 < 15,000,000",dollar volume invalid,current but ineligible,active,False,,True,True,2026-04-21 14:27:50.061165,live,1.18,1160265.857142857,1369113.7114285713,True,True,False,-5.6,1.72,5.36,-5.6,,0,1,2026-04-15 17:16:01.816555,2026-04-21 14:27:31.712055,False,False,False,False,False
VTEX,clearly illiquid,"materially below current liquidity floor; dollar volume 4,890,607; price 4.35",1,1,Latin America - E-Commerce,International,"dollar volume invalid: 4,890,607 < 15,000,000",dollar volume invalid,current but ineligible,active,False,,True,True,2026-04-21 14:27:50.061165,live,4.35,1124277.4949921428,4890607.103215821,True,True,False,2.59,9.02,17.89,33.85,,0,1,2026-04-15 17:16:01.906907,2026-04-21 14:27:33.540226,False,False,False,False,False
VUZI,clearly illiquid,"materially below current liquidity floor; dollar volume 1,983,297; price 2.48",2,2,"AR/VR & Metaverse, Wearables",Emerging Tech,"dollar volume invalid: 1,983,297 < 15,000,000",dollar volume invalid,current but ineligible,active,False,,True,True,2026-04-21 14:27:50.061165,live,2.48,799716.411353619,1983296.700156975,True,True,False,-6.42,-3.5,9.73,-20.77,,0,1,2026-04-15 17:16:01.947733,2026-04-21 14:27:34.496997,False,False,False,False,False
VWAGY,clearly illiquid,"materially below current liquidity floor; dollar volume 2,416,419; price 10.66",1,1,Auto - Traditional OEM,Autos & EV,"dollar volume invalid: 2,416,419 < 15,000,000",dollar volume invalid,current but ineligible,active,False,,True,True,2026-04-21 14:27:50.061165,live,10.66,226680.9523809524,2416418.9523809524,True,True,False,-1.93,-1.84,7.24,-6.49,,0,1,2026-04-15 17:16:01.957620,2026-04-21 14:27:34.736108,True,False,False,False,False
WBX,clearly illiquid,"materially below current liquidity floor; dollar volume 62,471; price 3.05",1,1,EV - Charging,Autos & EV,"dollar volume invalid: 62,471 < 15,000,000",dollar volume invalid,current but ineligible,active,False,,True,True,2026-04-21 14:27:50.061165,live,3.05,20482.377404571427,62471.25108394285,True,True,False,4.45,3.39,18.68,4.45,,0,1,2026-04-15 17:16:02.048367,2026-04-21 14:27:36.603607,False,False,False,False,False
WEAV,clearly illiquid,"materially below current liquidity floor; dollar volume 7,052,266; price 5.42",1,1,Software - SMB,Technology - Software,"dollar volume invalid: 7,052,266 < 15,000,000",dollar volume invalid,current but ineligible,active,False,,True,True,2026-04-21 14:27:50.061165,live,5.42,1301156.0534056667,7052265.809458714,True,True,False,-0.91,7.97,14.11,-16.87,,0,1,2026-04-15 17:16:02.090425,2026-04-21 14:27:37.396969,False,False,False,False,False
WKHS,clearly illiquid,"materially below current liquidity floor; dollar volume 376,231; price 2.91",1,1,EV - Manufacturers,Autos & EV,"dollar volume invalid: 376,231 < 15,000,000",dollar volume invalid,current but ineligible,active,False,,True,True,2026-04-21 14:27:50.061165,live,2.91,129288.9366482381,376230.8056463729,True,True,False,0.0,8.18,-10.19,-42.49,,0,1,2026-04-15 17:16:02.222981,2026-04-21 14:27:40.033060,False,False,False,False,False
WMK,clearly illiquid,"materially below current liquidity floor; dollar volume 9,323,768; price 70.11",1,1,Retail - Grocery,Consumer - Retail,"dollar volume invalid: 9,323,768 < 15,000,000",dollar volume invalid,current but ineligible,active,False,,True,True,2026-04-21 14:27:50.061165,live,70.11,132987.7101142857,9323768.35611257,True,True,False,0.16,0.99,5.89,3.27,,0,1,2026-04-15 17:16:02.281192,2026-04-21 14:27:41.777119,False,False,False,False,False
WOOF,clearly illiquid,"materially below current liquidity floor; dollar volume 5,248,991; price 2.98",2,2,"Pet Industry, Retail - Pet","Specialty Themes, Consumer - Retail","dollar volume invalid: 5,248,991 < 15,000,000",dollar volume invalid,current but ineligible,active,False,,True,True,2026-04-21 14:27:50.061165,live,2.98,1761406.4850162382,5248991.325348389,True,True,False,-1.65,6.43,2.05,3.11,,0,1,2026-04-15 17:16:02.309810,2026-04-21 14:27:42.389731,True,False,False,False,False
WW,clearly illiquid,"materially below current liquidity floor; dollar volume 3,739,091; price 9.12",1,1,Weight Loss & Obesity,Healthcare - Specialty,"dollar volume invalid: 3,739,091 < 15,000,000",dollar volume invalid,current but ineligible,active,False,,True,True,2026-04-21 14:27:50.061165,live,9.12,409988.0765640476,3739091.2582641137,True,True,False,-8.8,-14.37,-48.39,-58.97,,0,1,2026-04-15 17:16:02.411679,2026-04-21 14:27:44.423043,False,False,False,False,False
XPOF,clearly illiquid,"materially below current liquidity floor; dollar volume 2,769,291; price 6.98",1,1,Fitness,Consumer - Leisure,"dollar volume invalid: 2,769,291 < 15,000,000",dollar volume invalid,current but ineligible,active,False,,True,True,2026-04-21 14:27:50.061165,live,6.98,396746.6267001905,2769291.45436733,True,True,False,-2.51,-4.77,23.1,-10.51,,0,1,2026-04-15 17:16:02.514440,2026-04-21 14:27:46.436972,True,False,False,False,False
XXII,clearly illiquid,"materially below current liquidity floor; dollar volume 120,817; price 2.14",1,1,Tobacco,Specialty Themes,"dollar volume invalid: 120,817 < 15,000,000",dollar volume invalid,current but ineligible,active,False,,True,True,2026-04-21 14:27:50.061165,live,2.14,56456.76324157143,120817.47333696288,True,True,False,-3.17,4.39,-40.06,-82.42,,0,1,2026-04-15 17:16:02.534005,2026-04-21 14:27:46.839677,False,False,False,False,False
YORW,clearly illiquid,"materially below current liquidity floor; dollar volume 5,419,487; price 29.85",1,1,Utilities - Water,Utilities,"dollar volume invalid: 5,419,487 < 15,000,000",dollar volume invalid,current but ineligible,active,False,,True,True,2026-04-21 14:27:50.061165,live,29.85,181557.36182366667,5419487.25043645,True,True,False,-1.32,-5.09,-0.07,-10.74,,0,1,2026-04-15 17:16:02.584933,2026-04-21 14:27:47.823732,False,False,False,False,False
BURBY,likely governance cleanup candidate,"special-format ticker plus very weak price/liquidity profile; dollar volume 863,250; price 16.02",1,1,Europe - Luxury,International,"dollar volume invalid: 863,250 < 15,000,000",dollar volume invalid,current but ineligible,active,False,,True,True,2026-04-21 14:27:50.061165,live,16.02,53885.76190476191,863249.9057142858,True,True,False,0.12,0.75,19.73,-1.9,,0,1,2026-04-15 17:15:49.846253,2026-04-21 14:23:22.408751,True,True,False,False,False
CRLBF,likely governance cleanup candidate,"special-format ticker plus very weak price/liquidity profile; dollar volume 973,085; price 0.95",1,1,Cannabis,Specialty Themes,price invalid: 0.9500 < 1,price invalid,current but ineligible,active,False,,True,True,2026-04-21 14:27:50.061165,live,0.95,1024299.9523809524,973084.9547619048,False,True,False,-4.04,2.76,4.4,-20.83,,0,1,2026-04-15 17:15:51.004291,2026-04-21 14:23:46.410387,True,True,True,False,True
FMTOF,likely governance cleanup candidate,special-format ticker plus very weak price/liquidity profile; dollar volume 972; price 0.55,1,1,Cannabis,Specialty Themes,price invalid: 0.5500 < 1,price invalid,current but ineligible,active,False,,True,True,2026-04-21 14:27:50.061165,live,0.55,1767.2857142857142,972.0071428571428,False,True,False,0.0,-12.0,7.84,52.78,,0,1,2026-04-15 17:15:52.979672,2026-04-21 14:24:27.625786,True,True,False,False,False
LSF,likely governance cleanup candidate,"special-format ticker plus very weak price/liquidity profile; dollar volume 188,725; price 3.05",1,1,Agriculture - Seeds,Commodities & Agriculture,"dollar volume invalid: 188,725 < 15,000,000",dollar volume invalid,current but ineligible,active,False,,True,True,2026-04-21 14:27:50.061165,live,3.05,61876.89414657142,188724.52714704283,True,True,False,-2.87,25.0,27.62,-3.48,,0,1,2026-04-15 17:15:55.808761,2026-04-21 14:25:27.200134,True,True,False,False,False
SIFY,likely governance cleanup candidate,"special-format ticker plus very weak price/liquidity profile; dollar volume 927,879; price 14.65",1,1,India,International,"dollar volume invalid: 927,879 < 15,000,000",dollar volume invalid,current but ineligible,active,False,,True,True,2026-04-21 14:27:50.061165,live,14.65,63336.46960780952,927879.2797544096,True,True,False,-1.41,13.08,5.47,2.3,,0,1,2026-04-15 17:15:59.716360,2026-04-21 14:26:49.521006,True,True,False,False,False
TSNDF,likely governance cleanup candidate,"special-format ticker plus very weak price/liquidity profile; dollar volume 191,285; price 0.657",1,1,Cannabis,Specialty Themes,price invalid: 0.6570 < 1,price invalid,current but ineligible,active,False,,True,True,2026-04-21 14:27:50.061165,live,0.657,291148.71428571426,191284.70528571427,False,True,False,-9.88,3.46,6.78,-11.22,,0,1,2026-04-15 17:16:01.100166,2026-04-21 14:27:17.451752,True,True,False,False,False
VWSYF,likely governance cleanup candidate,"special-format ticker plus very weak price/liquidity profile; dollar volume 41,577; price 30.22",1,1,Wind,Energy - Clean,"dollar volume invalid: 41,577 < 15,000,000",dollar volume invalid,current but ineligible,active,False,,True,True,2026-04-21 14:27:50.061165,live,30.22,1375.809523809524,41576.96380952381,True,True,False,3.49,-2.12,27.92,7.72,,0,1,2026-04-15 17:16:01.976665,2026-04-21 14:27:35.182830,True,True,False,False,False
BLDP,likely threshold-policy review candidate,"meaningful liquidity but still below current $15M floor; dollar volume 10,073,342; price 3.1",2,2,"Clean Energy - Fuel Cells, Clean Energy - Hydrogen",Energy - Clean,"dollar volume invalid: 10,073,342 < 15,000,000",dollar volume invalid,current but ineligible,active,False,,True,True,2026-04-21 14:27:50.061165,live,3.1,3249465.142441572,10073341.941568872,True,True,False,-2.21,5.44,28.63,17.42,,0,1,2026-04-15 17:15:49.584095,2026-04-21 14:23:16.486428,False,False,False,False,True
DCOM,likely threshold-policy review candidate,"meaningful liquidity but still below current $15M floor; dollar volume 10,034,610; price 36.23",1,1,Banks - Northeast,Financials - Banks,"dollar volume invalid: 10,034,610 < 15,000,000",dollar volume invalid,current but ineligible,active,False,,True,True,2026-04-21 14:27:50.061165,live,36.23,276969.6397315238,10034610.047473108,True,True,False,-2.82,0.11,12.94,20.29,,0,1,2026-04-15 17:15:51.540110,2026-04-21 14:23:57.698935,False,False,False,False,True
DPRO,likely threshold-policy review candidate,"meaningful liquidity but still below current $15M floor; dollar volume 11,772,569; price 6.04",1,1,Drones & UAV,Emerging Tech,"dollar volume invalid: 11,772,569 < 15,000,000",dollar volume invalid,current but ineligible,active,False,,True,True,2026-04-21 14:27:50.061165,live,6.04,1949100.8951199048,11772569.406524224,True,True,False,2.9,4.5,6.71,-35.88,,0,1,2026-04-15 17:15:51.864675,2026-04-21 14:24:03.893041,False,False,False,False,True
DQ,likely threshold-policy review candidate,"meaningful liquidity but still below current $15M floor; dollar volume 10,429,570; price 20.17",1,1,Solar - Manufacturers,Energy - Clean,"dollar volume invalid: 10,429,570 < 15,000,000",dollar volume invalid,current but ineligible,active,False,,True,True,2026-04-21 14:27:50.061165,live,20.17,517083.2927953809,10429570.015682831,True,True,False,-9.06,-4.9,-2.75,-18.27,,0,1,2026-04-15 17:15:51.883708,2026-04-21 14:24:04.304587,False,False,False,False,True
GILT,likely threshold-policy review candidate,"meaningful liquidity but still below current $15M floor; dollar volume 10,787,925; price 17.92",1,1,Space - Satellites,Space & Aerospace,"dollar volume invalid: 10,787,925 < 15,000,000",dollar volume invalid,current but ineligible,active,False,,True,True,2026-04-21 14:27:50.061165,live,17.92,602004.7303118571,10787924.76718848,True,True,False,-2.4,-4.32,10.28,1.41,,0,1,2026-04-15 17:15:53.440917,2026-04-21 14:24:36.746970,False,False,False,False,True
HOPE,likely threshold-policy review candidate,"meaningful liquidity but still below current $15M floor; dollar volume 11,902,815; price 12.37",1,1,Banks - Community,Financials - Banks,"dollar volume invalid: 11,902,815 < 15,000,000",dollar volume invalid,current but ineligible,active,False,,True,True,2026-04-21 14:27:50.061165,live,12.37,962232.4461841905,11902815.359298436,True,True,False,-2.21,1.39,14.11,7.85,,0,1,2026-04-15 17:15:54.114952,2026-04-21 14:24:50.773282,False,False,False,False,True
IMKTA,likely threshold-policy review candidate,"meaningful liquidity but still below current $15M floor; dollar volume 11,718,090; price 87.97",1,1,Retail - Grocery,Consumer - Retail,"dollar volume invalid: 11,718,090 < 15,000,000",dollar volume invalid,current but ineligible,active,False,,True,True,2026-04-21 14:27:50.061165,live,87.97,133205.51958490474,11718089.557884073,True,True,False,-0.16,-2.89,5.28,24.9,,0,1,2026-04-15 17:15:54.466986,2026-04-21 14:24:57.959103,False,False,False,False,True
JACK,likely threshold-policy review candidate,"meaningful liquidity but still below current $15M floor; dollar volume 11,643,706; price 12.7",1,1,Restaurants - Fast Food,Consumer - Restaurants,"dollar volume invalid: 11,643,706 < 15,000,000",dollar volume invalid,current but ineligible,active,False,,True,True,2026-04-21 14:27:50.061165,live,12.7,916827.2265257144,11643705.776876573,True,True,False,-0.63,7.81,15.45,-38.56,,0,1,2026-04-15 17:15:54.870456,2026-04-21 14:25:07.528491,False,False,False,False,True
KOPN,likely threshold-policy review candidate,"meaningful liquidity but still below current $15M floor; dollar volume 11,087,624; price 2.85",1,1,AR/VR & Metaverse,Emerging Tech,"dollar volume invalid: 11,087,624 < 15,000,000",dollar volume invalid,current but ineligible,active,False,,True,True,2026-04-21 14:27:50.061165,live,2.85,3890394.249143381,11087623.610058635,True,True,False,0.35,4.78,43.94,-9.81,,0,1,2026-04-15 17:15:55.248457,2026-04-21 14:25:15.505722,False,False,False,False,True
LADR,likely threshold-policy review candidate,"meaningful liquidity but still below current $15M floor; dollar volume 11,604,891; price 10.25",1,1,REITs - Mortgage,Financials - REITs,"dollar volume invalid: 11,604,891 < 15,000,000",dollar volume invalid,current but ineligible,active,False,,True,True,2026-04-21 14:27:50.061165,live,10.25,1132184.4519544286,11604890.632532893,True,True,False,-0.39,-0.77,4.91,-7.41,,0,1,2026-04-15 17:15:55.386968,2026-04-21 14:25:18.479374,False,False,False,False,True
LTBR,likely threshold-policy review candidate,"meaningful liquidity but still below current $15M floor; dollar volume 10,340,189; price 12.61",1,1,Rare Earths,Metals & Mining,"dollar volume invalid: 10,340,189 < 15,000,000",dollar volume invalid,current but ineligible,active,False,,True,True,2026-04-21 14:27:50.061165,live,12.61,819999.1497171429,10340189.277933173,True,True,False,-2.47,6.41,21.95,-26.56,,0,1,2026-04-15 17:15:55.818524,2026-04-21 14:25:27.410867,False,False,False,False,True
MCRI,likely threshold-policy review candidate,"meaningful liquidity but still below current $15M floor; dollar volume 11,102,328; price 98.58",1,1,Gaming & Casinos,Consumer - Leisure,"dollar volume invalid: 11,102,328 < 15,000,000",dollar volume invalid,current but ineligible,active,False,,True,True,2026-04-21 14:27:50.061165,live,98.58,112622.51957985717,11102327.980182318,True,True,False,-0.55,-0.43,2.16,10.39,,0,1,2026-04-15 17:15:56.207221,2026-04-21 14:25:35.121662,False,False,False,False,True
MRTN,likely threshold-policy review candidate,"meaningful liquidity but still below current $15M floor; dollar volume 11,648,887; price 14.81",1,1,Trucking - TL,Industrials - Transport,"dollar volume invalid: 11,648,887 < 15,000,000",dollar volume invalid,current but ineligible,active,False,,True,True,2026-04-21 14:27:50.061165,live,14.81,786555.5061956191,11648887.04675712,True,True,False,-0.34,4.96,21.59,20.31,,0,1,2026-04-15 17:15:56.617087,2026-04-21 14:25:44.188605,False,False,False,False,True
REX,likely threshold-policy review candidate,"meaningful liquidity but still below current $15M floor; dollar volume 11,291,716; price 44.95",2,2,"Biofuels & Ethanol, Renewable Fuels","Energy - Clean, Energy","dollar volume invalid: 11,291,716 < 15,000,000",dollar volume invalid,current but ineligible,active,False,,True,True,2026-04-21 14:27:50.061165,live,44.95,251206.14773309525,11291716.340602633,True,True,False,2.84,4.44,16.12,34.06,,0,1,2026-04-15 17:15:58.821384,2026-04-21 14:26:30.736090,False,False,False,False,True
RPAY,likely threshold-policy review candidate,"meaningful liquidity but still below current $15M floor; dollar volume 10,704,300; price 3.81",1,1,Fintech - Payments,Financials - Other,"dollar volume invalid: 10,704,300 < 15,000,000",dollar volume invalid,current but ineligible,active,False,,True,True,2026-04-21 14:27:50.061165,live,3.81,2809527.5489466665,10704299.9614868,True,True,False,-5.93,24.1,47.1,12.06,,0,1,2026-04-15 17:15:59.156750,2026-04-21 14:26:36.785088,True,False,False,False,True
VTLE,likely threshold-policy review candidate,"meaningful liquidity but still below current $15M floor; dollar volume 10,736,656; price 17.92",1,1,Oil - Permian Basin,Energy - Oil & Gas,"dollar volume invalid: 10,736,656 < 15,000,000",dollar volume invalid,current but ineligible,active,False,,True,True,2026-04-21 14:27:50.061165,live,17.92,599143.7619047619,10736656.213333337,True,True,False,-0.99,-5.54,4.8,12.35,,0,1,2026-04-15 17:16:01.917380,2026-04-21 14:27:33.777287,False,False,False,False,True
WFG,likely threshold-policy review candidate,"meaningful liquidity but still below current $15M floor; dollar volume 11,663,604; price 66.34",2,2,"Paper & Forest Products, Timber & Forest","Materials & Chemicals, Commodities & Agriculture","dollar volume invalid: 11,663,604 < 15,000,000",dollar volume invalid,current but ineligible,active,False,,True,True,2026-04-21 14:27:50.061165,live,66.34,175815.55357114287,11663603.823909618,True,True,False,1.14,-0.15,10.64,-5.03,,0,1,2026-04-15 17:16:02.149652,2026-04-21 14:27:38.607604,False,False,False,False,True
XHR,likely threshold-policy review candidate,"meaningful liquidity but still below current $15M floor; dollar volume 10,548,093; price 16.26",1,1,REITs - Hotels,Financials - REITs,"dollar volume invalid: 10,548,093 < 15,000,000",dollar volume invalid,current but ineligible,active,False,,True,True,2026-04-21 14:27:50.061165,live,16.26,648714.2270538572,10548093.331895718,True,True,False,-1.09,-0.25,13.95,11.91,,0,1,2026-04-15 17:16:02.462931,2026-04-21 14:27:45.434576,False,False,False,False,True
BLNK,sub-$1,"price below $1 current ranking floor; dollar volume 1,965,957; price 0.7451",1,1,EV - Charging,Autos & EV,price invalid: 0.7451 < 1,price invalid,current but ineligible,active,False,,True,True,2026-04-21 14:27:50.061165,live,0.7451,2638514.0074998573,1965956.786988144,False,True,False,-7.21,13.89,34.25,-11.16,,0,1,2026-04-15 17:15:49.626742,2026-04-21 14:23:17.314999,False,False,False,False,False
CHGG,sub-$1,"price below $1 current ranking floor; near threshold rather than deeply sub-$1; dollar volume 1,543,244; price 0.9931",1,1,Education,Specialty Themes,price invalid: 0.9931 < 1,price invalid,current but ineligible,active,False,,True,True,2026-04-21 14:27:50.061165,live,0.9931,1553965.879455333,1543243.5148870917,False,True,False,-2.64,2.68,120.69,27.32,,0,1,2026-04-15 17:15:50.388156,2026-04-21 14:23:33.416648,False,False,True,False,True
GFAI,sub-$1,"price below $1 current ranking floor; dollar volume 134,122; price 0.5217",1,1,AI - Software,Artificial Intelligence,price invalid: 0.5217 < 1,price invalid,current but ineligible,active,False,,True,True,2026-04-21 14:27:50.061165,live,0.5217,257087.35693014285,134122.47411045554,False,True,False,-6.82,5.86,9.83,-8.47,,0,1,2026-04-15 17:15:53.361471,2026-04-21 14:24:35.097861,False,False,False,False,False
HUMA,sub-$1,"price below $1 current ranking floor; dollar volume 4,382,651; price 0.659",1,1,Men's Health,Healthcare - Specialty,price invalid: 0.6590 < 1,price invalid,current but ineligible,active,False,,True,True,2026-04-21 14:27:50.061165,live,0.659,6650456.983976952,4382651.152440812,False,True,False,-4.15,-4.64,-15.83,-35.39,,0,1,2026-04-15 17:15:54.265946,2026-04-21 14:24:53.702464,False,False,False,False,False
IMCC,sub-$1,"price below $1 current ranking floor; dollar volume 210,882; price 0.3991",1,1,Cannabis,Specialty Themes,price invalid: 0.3991 < 1,price invalid,current but ineligible,active,False,,True,True,2026-04-21 14:27:50.061165,live,0.3991,528392.8313773809,210881.5790027127,False,True,False,-2.63,9.34,-35.59,-69.53,,0,1,2026-04-15 17:15:54.456471,2026-04-21 14:24:57.750761,False,False,False,False,False
INCR,sub-$1,"price below $1 current ranking floor; dollar volume 14,155; price 0.7601",1,1,Cannabis,Specialty Themes,price invalid: 0.7601 < 1,price invalid,current but ineligible,active,False,,True,True,2026-04-21 14:27:50.061165,live,0.7601,18622.818752761905,14155.204533974324,False,True,False,1.35,0.01,-1.76,-18.11,,0,1,2026-04-15 17:15:54.517904,2026-04-21 14:24:59.055462,False,False,False,False,False
INVZ,sub-$1,"price below $1 current ranking floor; dollar volume 1,441,698; price 0.64",3,3,"AI - Computer Vision, Autonomous Vehicles, LIDAR","Artificial Intelligence, Autos & EV",price invalid: 0.6400 < 1,price invalid,current but ineligible,active,False,,True,True,2026-04-21 14:27:50.061165,live,0.64,2252653.151452857,1441698.0169298286,False,True,False,-2.96,-1.66,-7.25,-39.62,,0,1,2026-04-15 17:15:54.626378,2026-04-21 14:25:02.168138,False,False,False,False,False
MAPS,sub-$1,"price below $1 current ranking floor; dollar volume 1,136,301; price 0.3497",1,1,Cannabis,Specialty Themes,price invalid: 0.3497 < 1,price invalid,current but ineligible,active,False,,True,True,2026-04-21 14:27:50.061165,live,0.3497,3249359.2294258093,1136300.9225302057,False,True,False,-5.54,-2.86,-45.04,-56.83,,0,1,2026-04-15 17:15:56.022705,2026-04-21 14:25:31.764832,False,False,False,False,False
NFE,sub-$1,"price below $1 current ranking floor; dollar volume 6,276,912; price 0.63",1,1,Natural Gas - LNG,Energy - Oil & Gas,price invalid: 0.6300 < 1,price invalid,current but ineligible,active,False,,True,True,2026-04-21 14:27:50.061165,live,0.63,9963352.66742938,6276912.180480509,False,True,False,-4.18,1.94,-19.23,-53.33,,0,1,2026-04-15 17:15:57.006353,2026-04-21 14:25:52.098719,False,False,False,False,False
RELI,sub-$1,"price below $1 current ranking floor; dollar volume 345,634; price 0.4148",1,1,India,International,price invalid: 0.4148 < 1,price invalid,current but ineligible,active,False,,True,True,2026-04-21 14:27:50.061165,live,0.4148,833255.5714285715,345634.4110285714,False,True,False,-23.76,-20.08,-31.57,-49.22,,0,1,2026-04-15 17:15:58.811783,2026-04-21 14:26:30.533973,False,False,False,False,False
SGMO,sub-$1,"price below $1 current ranking floor; dollar volume 1,807,920; price 0.2575",1,1,Biotech - Gene Therapy,Healthcare - Biotech,price invalid: 0.2575 < 1,price invalid,current but ineligible,active,False,,True,True,2026-04-21 14:27:50.061165,live,0.2575,7021049.698178763,1807920.2972810315,False,True,False,-4.66,0.66,-22.37,-29.64,,0,1,2026-04-15 17:15:59.610030,2026-04-21 14:26:46.503211,False,False,False,False,False
TPET,sub-$1,"price below $1 current ranking floor; dollar volume 8,327,756; price 0.5783",1,1,Oil - E&P,Energy - Oil & Gas,price invalid: 0.5783 < 1,price invalid,current but ineligible,active,False,,True,True,2026-04-21 14:27:50.061165,live,0.5783,14400408.093615094,8327756.00053761,False,True,False,18.21,13.39,-43.3,-31.24,,0,1,2026-04-15 17:16:00.876915,2026-04-21 14:27:12.772976,False,False,False,False,False
YCBD,sub-$1,"price below $1 current ranking floor; dollar volume 313,144; price 0.8443",1,1,Cannabis,Specialty Themes,price invalid: 0.8443 < 1,price invalid,current but ineligible,active,False,,True,True,2026-04-21 14:27:50.061165,live,0.8443,370892.43054047617,313144.4791053241,False,True,False,4.49,15.98,24.16,1.6,,0,1,2026-04-15 17:16:02.565491,2026-04-21 14:27:47.427925,False,False,False,False,False
